3.0697127e-09,0.999343,0.00028427716,0.00034721385,1.9059181e-06,1.5754928e-05,6.0156453e-06,1.8529288e-06
3.9618624e-09,2.0280993e-06,0.9999716,2.8568846e-07,3.4839977e-06,1.1580622e-05,1.0921806e-05,2.9529021e-08
3.4112106e-06,0.59864426,0.37131307,0.017492104,0.00074184884,0.008117929,0.0035594346,0.00012804722
4.755247e-09,0.99982977,4.0081177e-05,0.00010276645,1.5977369e-06,1.2098337e-05,1.2822595e-05,7.7890274e-07
9.581557e-10,0.9998926,4.106377e-05,5.1903327e-05,1.5992123e-06,6.4224246e-06,5.8940823e-06,4.896603e-07
6.8474143e-10,0.9997811,1.8226527e-05,0.00018289899,2.5389184e-06,9.095285e-06,5.425799e-06,7.719867e-07
3.6109242e-08,0.8659677,0.12950528,0.0033998888,2.1890392e-05,0.0008054139,0.0002885554,1.1255481e-05
3.381247e-06,0.019719765,0.0005754669,0.97921926,2.6897753e-05,0.00026864593,0.00012708247,5.950257e-05
2.2363382e-09,0.9998994,1.593945e-05,6.8437046e-05,1.7945089e-06,5.0255535e-06,7.650977e-06,1.7474644e-06
6.187413e-10,0.9998864,7.694807e-05,1.6304322e-05,2.5338784e-06,9.9841645e-06,6.9566295e-06,9.1688673e-07
2.8843692e-08,0.994785,0.0016675591,0.0019542854,0.0014646892,6.7202054e-05,4.8068425e-05,1.3030085e-05
4.958045e-10,0.99989283,4.8490624e-06,9.768439e-05,4.79041e-07,1.9808035e-06,1.5363939e-06,5.439527e-07
1.7828107e-09,0.99963784,0.00020678692,0.000118481,2.5561649e-06,1.2657223e-05,2.072737e-05,9.354856e-07
1.9372692e-10,7.7054334e-05,0.9999075,2.5894533e-07,3.912748e-07,1.1134339e-05,3.6588033e-06,1.4605479e-08
2.0651157e-10,0.999964,2.144581e-06,3.1975433e-05,2.7328602e-07,3.936865e-07,9.998483e-07,1.9684616e-07
2.2500565e-10,0.9999386,4.4482244e-05,1.0462743e-05,1.7718087e-06,2.5539753e-06,1.9579973e-06,3.0613043e-07
2.1989186e-07,0.22303808,0.0015120408,0.7751061,5.9383998e-05,0.00021192351,4.159492e-05,3.0790212e-05
3.06875e-05,0.010383826,0.0008661795,0.9874479,5.330769e-05,0.000108166285,0.0010469774,6.299778e-05
2.3597536e-08,0.99988437,2.6740674e-05,4.970173e-05,3.1121403e-06,8.937992e-06,2.281132e-05,4.2365614e-06
3.2642954e-11,3.044439e-08,0.9999994,1.0305173e-08,1.971119e-08,1.6814408e-07,3.6013705e-07,2.6349958e-10
1.5134307e-06,0.039861023,0.0005426191,0.95935756,9.476792e-06,0.00014309879,7.79659e-05,6.8646746e-06
5.9041527e-09,2.0242844e-06,0.9999609,5.3526134e-07,1.3799549e-06,1.9145562e-05,1.5858339e-05,5.4579314e-08
2.641838e-09,3.6548665e-06,0.99995625,2.828158e-07,2.8365462e-06,1.1995074e-05,2.4941108e-05,4.1758796e-08
3.128068e-08,0.9845403,0.013111401,0.0013402968,3.1951877e-05,0.00081708044,0.00015154263,7.4632158e-06
6.5811435e-07,0.100025564,0.004795207,0.89479584,2.524099e-05,0.0002693071,6.732568e-05,2.0952193e-05
6.802799e-12,1.8120139e-07,0.99999905,8.212875e-10,2.4010788e-08,4.2085645e-07,3.9268e-07,1.2720852e-10
1.41166865e-08,1.4805495e-06,0.9999546,6.1716725e-07,6.062436e-06,1.28899155e-05,2.4321243e-05,8.5340005e-08
4.6166002e-07,0.0015637751,3.2383454e-05,0.9983714,1.8243098e-06,1.1218531e-05,1.5960615e-05,3.006809e-06
4.1345016e-09,8.379277e-06,0.99993587,7.313453e-07,2.8434654e-06,1.8483144e-05,3.366052e-05,8.311705e-08
3.8750496e-08,0.99949634,0.00020279804,0.00021502182,7.4261766e-06,2.3868972e-05,4.872131e-05,5.7619864e-06
2.5713956e-10,0.9999691,1.0373701e-05,1.5245691e-05,1.1116929e-06,1.8365637e-06,1.9776587e-06,3.587331e-07
9.094582e-13,6.953903e-10,1.0,2.0048366e-11,2.9430094e-09,1.3003433e-08,1.7876873e-08,2.2089648e-12
1.1509144e-06,0.21951485,0.0022842241,0.7772601,7.5427146e-05,0.00058946206,0.00023666614,3.811792e-05
3.0845942e-13,7.9082313e-10,1.0,3.573653e-11,1.7696485e-09,8.619665e-09,3.3934295e-09,3.6944683e-12
5.8892495e-11,0.99998283,3.4169884e-06,1.0976269e-05,4.950514e-07,8.713482e-07,1.2799588e-06,1.323068e-07
3.339944e-10,0.9999654,8.304266e-06,1.8076207e-05,7.9744785e-07,4.3902237e-06,2.611454e-06,3.4624875e-07
2.3732754e-07,0.05985099,0.000115500254,0.9398518,1.7882676e-05,8.280599e-05,7.1895156e-05,8.833355e-06
1.934472e-09,0.99934715,2.9601133e-05,0.00059291715,3.2592548e-06,1.780495e-05,6.5736176e-06,2.7094354e-06
3.0357378e-07,0.7475401,0.20613894,0.043522056,0.00018626377,0.0022682624,0.00030521033,3.883264e-05
5.318805e-09,0.9992449,0.00023723679,0.00039742302,1.1109424e-05,4.9802802e-05,4.76496e-05,1.1895722e-05
8.458411e-13,1.0208594e-08,0.9999999,5.825224e-11,4.5729034e-09,3.200127e-08,6.033692e-08,9.591151e-12
6.2674535e-13,3.669403e-09,1.0,1.5323029e-10,3.245787e-09,2.4657501e-08,1.3583858e-08,1.1874457e-11
6.287987e-10,0.99974066,0.00014292297,8.022522e-05,3.0026772e-06,2.3717856e-05,8.974209e-06,5.0793454e-07
2.3512274e-09,0.9969602,0.0029047206,1.7819331e-05,3.5138303e-06,7.90154e-05,3.367053e-05,9.135219e-07
2.2122942e-10,0.9999869,1.38374e-06,8.360928e-06,1.1665797e-07,1.0425414e-06,2.075727e-06,1.3106855e-07
2.64195e-10,0.99997234,1.8847919e-06,2.2706125e-05,3.0788578e-07,4.8288166e-07,2.0164002e-06,2.4161346e-07
4.6331263e-09,0.999835,1.8854851e-05,0.00013088249,4.387228e-06,6.4682463e-06,2.2030492e-06,2.1286423e-06
3.695383e-08,0.9968286,0.0005873984,0.001370278,0.0011111723,6.285312e-05,1.7173274e-05,2.237665e-05
1.8860147e-09,0.99899596,0.00043164834,0.0004934019,4.2441634e-06,6.426173e-05,8.965806e-06,1.4211639e-06
4.018489e-09,0.999374,2.2505488e-05,0.0005774995,2.73656e-06,1.3258321e-05,9.034055e-06,1.0217228e-06
4.7454947e-09,3.3846527e-06,0.9999665,8.120548e-07,3.1484353e-06,8.793651e-06,1.7240496e-05,1.4196083e-07
8.325371e-07,0.008576837,0.00047257013,0.99079,1.1346313e-05,0.00010207027,3.3592918e-05,1.2613394e-05
5.1615006e-09,0.9988681,0.00038576158,0.0004994112,0.00010877678,0.0001011243,3.0934192e-05,5.920984e-06
2.0139033e-09,0.99980015,3.1540254e-05,0.00014732944,3.4338984e-06,1.0004672e-05,6.489658e-06,1.087413e-06
1.6060574e-09,0.99997866,3.7330938e-06,4.990427e-06,2.0118546e-06,2.500591e-06,6.9925254e-06,1.0497239e-06
8.8377217e-10,0.999877,5.4183998e-05,4.9958977e-05,2.389477e-06,8.073219e-06,7.409377e-06,9.544458e-07
1.9608706e-09,0.99974436,9.15694e-05,4.002073e-05,9.034883e-05,2.3458213e-05,6.707182e-06,3.5082594e-06
5.495469e-09,9.722293e-07,0.99997187,2.3276627e-07,1.5297516e-06,1.7541826e-05,7.925617e-06,2.205047e-08
1.822836e-08,7.677658e-05,0.9997372,3.4966572e-06,9.554922e-06,6.524226e-05,0.000107518106,2.8853253e-07
2.6570635e-09,0.99986637,3.1248383e-05,6.242936e-05,7.5412095e-06,1.2626776e-05,1.7251697e-05,2.4727135e-06
7.2092558e-12,3.0817954e-08,0.9999995,2.0852967e-10,1.5435178e-08,6.378696e-08,3.032861e-07,6.164325e-11
5.4353864e-09,2.5767981e-06,0.999944,1.2609135e-06,7.8722505e-06,7.1616305e-06,3.7113696e-05,6.292187e-08
1.7266926e-08,0.9998747,6.3426865e-05,2.1994472e-05,2.7505218e-06,8.841809e-06,2.6980513e-05,1.2234199e-06
1.9570635e-08,5.708594e-05,0.9978009,0.0020758277,1.4712908e-06,5.558504e-05,8.767547e-06,2.9004525e-07
7.6969464e-10,1.644359e-06,0.99998486,9.8541356e-08,2.180334e-06,2.2449674e-06,8.962032e-06,1.5251144e-08
2.9780693e-09,0.99956316,0.00032969116,4.4629403e-05,2.2862428e-06,4.211881e-05,1.72331e-05,8.404258e-07
1.1771701e-07,0.9992854,0.000454742,0.00013608526,1.5333644e-05,3.0156052e-05,5.997224e-05,1.8185396e-05
1.2747696e-10,0.99998033,5.4674365e-06,6.1065302e-06,2.7303272e-06,3.429369e-06,1.5756505e-06,2.7637273e-07
1.8025789e-10,0.99995196,2.118759e-05,1.7696515e-05,1.294925e-06,4.605708e-06,2.7856897e-06,3.7401014e-07
1.6635127e-08,0.99969256,9.7643126e-05,0.000120347075,2.1812426e-05,1.8347631e-05,4.2830117e-05,6.5014665e-06
2.6344646e-09,0.99954176,0.0002530861,0.00014682421,9.941073e-06,2.2608898e-05,2.2227494e-05,3.5860187e-06
9.497976e-07,0.07297428,0.0046797143,0.9216623,2.2171613e-05,0.00041981382,0.0002039834,3.6830937e-05
1.6519367e-07,0.9866279,0.0012262913,0.011763272,2.4914712e-05,0.00025941778,7.281975e-05,2.513597e-05
2.4308702e-09,0.99978036,1.6926764e-05,0.00017832275,1.6606582e-06,1.4697899e-05,4.2551665e-06,3.8016071e-06
1.471258e-10,0.999961,2.994763e-05,1.6552135e-06,3.723032e-07,3.022908e-06,3.867929e-06,1.8367213e-07
1.5694258e-09,0.999718,6.1498686e-05,0.0001828142,6.429711e-06,1.9339686e-05,1.0100336e-05,1.755788e-06
7.3347097e-09,0.9986582,0.00047748908,0.0007243167,1.0269033e-05,6.9207024e-05,5.8729525e-05,1.9339266e-06
4.1151904e-09,0.99990237,1.7863875e-05,6.241101e-05,2.6546506e-06,4.1451394e-06,9.584302e-06,9.116872e-07
9.034626e-10,0.99992824,3.73483e-05,1.812805e-05,2.5717002e-06,7.430873e-06,5.724861e-06,6.400583e-07
4.6031623e-10,0.9999714,7.980875e-06,1.3378752e-05,1.9579102e-06,2.6335508e-06,2.4671854e-06,2.62561e-07
7.0568407e-10,0.999819,5.8912236e-05,9.684331e-05,2.6951816e-06,1.3559147e-05,7.794423e-06,1.2580894e-06
1.3489076e-08,0.9993687,1.477865e-05,0.00053348124,4.169738e-06,5.1432296e-05,2.1268697e-05,6.07501e-06
6.326832e-05,0.041489422,0.01097582,0.939624,0.0005531202,0.00043746294,0.0062254043,0.0006315274
5.659668e-09,0.9997731,1.0700471e-05,0.00017222531,3.5771434e-06,8.828306e-06,2.9396382e-05,2.3121736e-06
1.4310055e-08,0.9980128,9.6714284e-05,0.0018122942,1.529173e-05,3.1179745e-05,2.554811e-05,6.2131544e-06
3.1029622e-06,0.08318735,0.0032295906,0.91272885,0.000114163806,0.0003035569,0.00031228553,0.00012105318
1.8812642e-08,0.99873203,0.0001094202,0.0011059901,9.85369e-06,2.4449479e-05,1.2448346e-05,5.776059e-06
3.922494e-08,0.9851446,0.00069869834,0.01382222,3.6242753e-05,0.00022694752,5.9921917e-05,1.1373182e-05
2.8942337e-08,0.001501183,0.9977569,0.0005320124,1.7544382e-05,9.0354115e-05,0.000101390906,6.623283e-07
7.044751e-13,1.5067624e-08,0.9999999,7.8325274e-10,1.2413849e-09,4.4966626e-08,4.0512695e-08,1.0242105e-11
3.6465198e-10,0.99997795,4.6138334e-06,1.0368027e-05,3.9014202e-07,4.157635e-06,2.2953177e-06,2.0785836e-07
9.0582424e-13,5.8151084e-08,0.99999976,1.0843396e-10,1.7195921e-08,7.2459e-08,1.2390619e-07,1.4594857e-11
1.6878997e-09,0.99981934,0.00012018513,2.3708008e-05,1.5307003e-06,2.4732019e-05,9.615649e-06,8.910904e-07
2.5968861e-06,0.15765129,0.014918305,0.8248242,5.9538375e-05,0.0018007407,0.0006525083,9.0895206e-05
2.942195e-06,0.005467615,0.6023722,0.38787824,7.0859445e-05,0.0036946232,0.00037927873,0.00013412359
6.136746e-08,0.8864597,0.102495104,0.008579849,2.4001141e-05,0.0023120183,0.00012087889,8.367101e-06
3.3542795e-12,6.884485e-10,0.9999999,4.2212376e-11,6.5928734e-09,1.7931477e-08,8.3235335e-08,5.2278438e-12
1.3977707e-07,0.99954945,0.00012689829,0.00013817413,1.2092292e-05,1.9054096e-05,0.00014416671,9.938211e-06
2.7455632e-10,6.335099e-07,0.9999968,2.3425779e-08,4.3775196e-07,1.2558207e-06,8.5330635e-07,1.0866268e-09
9.851645e-09,4.9571598e-05,0.9998909,2.8873976e-06,6.6332573e-06,3.3093304e-05,1.667238e-05,1.7526025e-07
6.2344716e-09,0.0008087632,0.998686,0.0003147458,7.616242e-06,0.00017595278,6.381086e-06,4.6225756e-07
1.0058218e-09,0.99991,4.315787e-06,7.932291e-05,7.962888e-07,2.639421e-06,2.3558678e-06,5.5575237e-07
6.733473e-08,0.913905,0.085640125,2.963449e-05,1.04299725e-05,0.00024996008,0.00015623406,8.618759e-06
1.5321709e-07,0.7030057,0.24919745,0.04575242,0.000109391236,0.0017117667,0.00020538752,1.7753842e-05
4.0173713e-09,0.9959985,0.0037644194,4.4655408e-05,1.1346203e-05,0.00013732971,3.9586772e-05,4.1495778e-06
2.5065944e-11,0.9999815,1.2701751e-05,2.7545539e-06,2.2625424e-07,1.3559263e-06,1.4229812e-06,6.079198e-08
1.138455e-06,0.85803753,0.032383926,0.1072852,0.00017549878,0.0014382399,0.00057008537,0.000108378816
6.9381e-13,5.404354e-10,1.0,7.315153e-12,1.1183856e-09,1.1893334e-08,6.2659122e-09,1.2768277e-12
1.6981288e-11,7.604881e-08,0.99999917,1.6288828e-09,1.9954454e-08,2.596625e-07,5.1680206e-07,2.0120608e-10
1.06771445e-07,0.30902094,0.6803757,0.0067844545,0.0002809652,0.0029459747,0.0005836204,8.199319e-06
6.476651e-09,0.9991404,7.5118085e-05,0.00073764677,2.4998296e-06,2.2543163e-05,1.962256e-05,2.2680342e-06
4.5841577e-07,0.012104233,0.0006591717,0.9870896,1.9229505e-05,6.566459e-05,5.361126e-05,8.015279e-06
1.4022721e-07,0.000883792,5.2096806e-05,0.9990495,5.0701686e-07,6.650424e-06,5.397391e-06,1.9539218e-06
8.052604e-09,0.9993838,0.00045369403,4.7919366e-05,5.252435e-06,3.6542846e-05,7.092993e-05,1.8023868e-06
6.2571295e-09,0.999574,3.566355e-05,0.0003323392,8.909164e-06,3.1913947e-05,9.241712e-06,7.840775e-06
7.617222e-12,2.6067202e-08,0.9999994,6.1486977e-10,6.666441e-08,8.300193e-08,4.1037302e-07,1.4397282e-10
8.993526e-08,0.00034938965,1.2794075e-05,0.9996288,2.2051672e-06,2.3974515e-06,2.922495e-06,1.4461675e-06
3.030808e-06,0.0052294508,0.0010718547,0.9933948,2.3957256e-05,0.00013249854,0.00012940307,1.50824135e-05
2.7424812e-12,1.1314851e-08,1.0,3.5041264e-10,7.524791e-09,1.6223705e-08,3.9707977e-08,1.7976792e-11
3.2777223e-09,2.4455017e-06,0.99996614,5.262445e-07,1.072673e-06,5.5337005e-06,2.4155783e-05,2.756159e-08
1.564474e-11,3.2236187e-09,0.99999976,8.615911e-10,1.1029534e-08,1.4341781e-07,7.2806316e-08,7.007449e-11
1.4734577e-07,0.9951207,0.0007146722,0.0023671738,0.0015619318,7.235281e-05,5.3735486e-05,0.00010923843
2.4530217e-12,0.9999993,3.0974863e-07,1.1882199e-07,9.863939e-09,7.893164e-08,1.2701202e-07,2.9992275e-09
6.526214e-07,0.9950446,0.00042795658,0.004172315,3.1853677e-05,0.00014124197,0.0001391314,4.222072e-05
2.0127856e-12,1.7643434e-09,0.9999999,5.1546944e-11,3.0664502e-09,6.789455e-08,2.2889257e-08,1.0861649e-11
6.174074e-08,0.99248004,0.0009961696,0.0049159722,0.00017184827,0.0003193256,4.7303412e-05,0.0010691825
4.3172525e-11,6.957381e-08,0.9999993,3.620161e-09,4.2609592e-08,4.252672e-07,2.52522e-07,4.5476653e-10
5.235815e-05,0.3952397,0.006712567,0.5937275,0.0010181085,0.0011126478,0.0017788532,0.00035830858
4.7228204e-09,4.9038545e-06,0.9999777,5.3420854e-07,2.1070607e-06,6.7605333e-06,7.923622e-06,4.450615e-08
0.00015634998,0.1046119,0.01302388,0.8669369,0.0005500303,0.002139689,0.012098879,0.00048229806
2.090092e-05,0.815079,0.015396118,0.16628066,0.00037795064,0.0010364181,0.0014968973,0.0003120574
3.091947e-06,0.047176003,0.0010243752,0.9511783,7.441317e-05,0.0002908879,0.00019861574,5.4311364e-05
3.5547068e-10,0.99997854,6.9648513e-06,1.0005865e-05,6.494008e-07,1.7842002e-06,1.7657662e-06,2.7396635e-07
1.2384453e-08,0.9994216,0.00020505604,0.00022401453,2.2542348e-05,9.895854e-05,2.4711362e-05,3.1225472e-06
2.4844444e-09,0.999741,7.605889e-05,0.00012277922,1.529001e-05,2.7659557e-05,1.5167277e-05,1.9613794e-06
3.858424e-09,0.9994906,0.00021683933,0.00023655829,1.1603025e-05,2.6373846e-05,1.5322861e-05,2.6822238e-06
7.323735e-06,0.008963799,0.00066910597,0.99011886,2.1646701e-05,6.5624154e-05,0.000108029024,4.5597153e-05
5.430545e-09,0.99763846,0.00029603226,0.0020138682,6.689748e-06,2.9117613e-05,1.0777947e-05,5.0401604e-06
6.096481e-10,0.99984026,8.6859334e-05,5.3072046e-05,3.8169987e-06,1.2110088e-05,3.5303622e-06,2.6832197e-07
1.0725696e-08,0.9924117,4.522042e-05,0.007503668,2.5978243e-06,1.4676427e-05,1.4725623e-05,7.3217543e-06
9.287163e-10,0.9998785,6.360525e-05,4.5580906e-05,1.3282199e-06,6.030257e-06,4.381782e-06,3.7383646e-07
9.5051695e-07,0.24981986,0.0012544529,0.7481449,7.66678e-05,0.00032757968,0.0003402491,3.5315566e-05
8.068448e-10,0.9997228,7.652598e-05,0.00017599371,2.1179796e-06,1.5340836e-05,6.7052656e-06,5.546043e-07
4.4756437e-08,0.111934066,0.0023987454,0.8855242,2.1493706e-05,7.504731e-05,3.4855067e-05,1.1548954e-05
3.1170129e-07,0.96768314,0.0014301306,0.030341392,7.029953e-05,0.0003730955,6.6966066e-05,3.472252e-05
2.4314751e-08,0.9988049,0.0008299689,0.00029114832,1.3398034e-05,3.20623e-05,2.3825405e-05,4.712612e-06
1.7101465e-09,0.9997489,9.868046e-05,0.00012218097,4.9484333e-06,1.3231775e-05,7.9313495e-06,4.139471e-06
1.6663126e-08,0.0036674847,1.9074194e-05,0.9963075,1.1324892e-06,1.8413608e-06,2.1030085e-06,7.7732545e-07
1.876228e-10,0.99996555,1.8729638e-06,2.7922668e-05,2.890003e-07,2.7325138e-06,1.1161624e-06,3.9112516e-07
4.1867344e-07,0.007747256,0.0008667425,0.9912549,7.982129e-06,6.0852468e-05,5.156942e-05,1.0247586e-05
1.3038687e-06,0.9921336,0.00045177602,0.0069776494,3.4224493e-05,9.1050235e-05,0.00028383182,2.6451657e-05
6.5286145e-11,0.99998724,2.283233e-06,7.37192e-06,2.2100927e-07,1.253001e-06,1.4642949e-06,1.1260073e-07
8.9696466e-11,1.8232471e-05,0.99997747,1.3610763e-07,2.7935573e-07,2.5836835e-06,1.3583812e-06,2.400966e-09
6.873556e-10,0.99991226,4.0718455e-06,7.2793875e-05,2.636697e-06,5.3038707e-06,1.650634e-06,1.356616e-06
1.3278342e-10,0.9999659,1.1010207e-05,1.7068221e-05,5.0756717e-07,2.4516025e-06,2.8259406e-06,2.6917948e-07
7.932646e-11,0.99998164,5.090054e-06,8.760561e-06,2.7765174e-07,1.947368e-06,2.1021096e-06,2.2267514e-07
5.4381246e-07,0.930009,0.004429806,0.064268805,0.00020113171,0.0005094316,0.00039099556,0.00019026393
8.746816e-08,0.0013664421,0.9972784,0.0011171122,2.1297183e-05,0.00014156256,7.242371e-05,2.7081985e-06
6.421515e-08,0.9800607,0.0023512775,0.017076986,4.636804e-05,0.00038178486,6.344424e-05,1.928875e-05
2.0997821e-09,0.99959356,0.00036029023,7.837945e-06,3.5721994e-06,2.6098069e-05,8.361834e-06,2.9133997e-07
5.242338e-07,0.99794656,0.00038022996,0.0010890914,4.1616826e-05,0.00010258493,0.0004265995,1.288746e-05
5.0479818e-11,4.325828e-08,0.99999845,5.1676374e-09,8.205973e-08,7.906089e-07,5.549255e-07,5.787631e-10
2.5521866e-11,1.6847736e-07,0.99999964,5.1126603e-10,3.4013357e-08,1.05050454e-07,1.7000727e-07,8.898581e-11
8.3000295e-08,0.26737782,0.7162089,0.0152184395,5.6618373e-05,0.0009986544,0.00013493231,4.585561e-06
2.1113915e-09,0.99991333,3.8471968e-05,2.92729e-05,1.0424815e-06,4.625836e-06,1.2535413e-05,6.961432e-07
8.927214e-08,0.9129698,0.0016127804,0.08504938,6.652475e-05,8.1856655e-05,0.00018906602,3.0459893e-05
1.1114949e-09,4.6520363e-06,0.9999746,1.6963845e-07,1.7202262e-06,4.6605314e-06,1.418214e-05,2.7083379e-08
1.1306395e-09,0.99996614,7.0321344e-06,1.3469989e-05,2.184987e-06,6.7343235e-06,3.7010936e-06,8.686935e-07
5.847084e-07,0.7816739,0.0052169394,0.21244808,0.00013525976,0.0003591436,0.00013133614,3.478568e-05
3.1129156e-07,0.98911196,0.0013191025,0.009033199,4.8137976e-05,0.00020798907,0.0002469305,3.240417e-05
7.217664e-12,3.9992695e-08,0.99999976,6.659752e-10,3.0070034e-08,1.1645227e-07,1.331734e-07,1.7578326e-10
9.2828705e-09,0.9966061,0.0019504848,0.0012428211,7.659187e-06,0.00015363508,3.6229518e-05,3.0858591e-06
7.2699514e-08,0.99769896,0.00023892935,0.001867177,3.0618878e-05,6.330665e-05,9.104681e-05,9.941974e-06
2.4844815e-06,0.013671278,0.00030173498,0.985767,1.3965782e-05,0.00013817083,8.3477644e-05,2.1824762e-05
3.578923e-06,0.07545273,0.0020705566,0.9215037,3.660147e-05,0.0004384169,0.00046665364,2.7771259e-05
2.405567e-08,0.9872091,0.011735653,0.00078439876,2.6372272e-05,0.00020718429,3.3704055e-05,3.5257788e-06
1.0440145e-06,0.9752814,0.0022922019,0.021900173,6.419609e-05,0.00024931747,0.00015445465,5.7302725e-05
1.5118111e-08,0.9986539,0.00023692468,0.0010148095,8.671156e-06,6.115043e-05,2.209334e-05,2.2955119e-06
7.952498e-08,0.8049123,0.001470549,0.19333386,4.0307972e-05,0.00016856495,6.4236265e-05,1.0057743e-05
5.3696003e-09,0.99918646,1.6614431e-05,0.0007509322,4.03342e-06,1.7086028e-05,2.2560891e-05,2.309592e-06
8.04795e-11,0.99982125,2.08586e-06,0.00017532018,5.254579e-08,2.895467e-07,8.656196e-07,1.9656407e-07
2.6366423e-10,0.9999527,3.0369622e-05,8.8524375e-06,2.4368687e-06,1.9683914e-06,3.2749022e-06,3.1380964e-07
2.1755229e-08,0.99934596,0.00023748488,0.0002738222,9.256873e-06,8.998003e-05,3.7164333e-05,6.350717e-06
1.9997577e-07,0.70488155,0.0035129248,0.29112267,4.020927e-05,0.00028903998,0.000112091184,4.1299798e-05
9.514698e-12,0.9999981,2.9609285e-07,8.3331804e-07,1.7493093e-08,1.1792415e-07,6.010826e-07,2.6945719e-08
2.0229747e-09,0.9998579,2.8264967e-05,9.6575095e-05,1.0594042e-06,1.26833565e-05,2.4212013e-06,1.1732128e-06
1.2694832e-08,0.9991505,8.7092194e-05,0.0006599589,1.417905e-05,4.5176545e-05,3.6052075e-05,6.988054e-06
9.979989e-13,3.790485e-09,1.0,2.4492191e-11,6.0312964e-09,3.9163037e-08,4.2110074e-08,7.1709015e-12
5.8868105e-11,9.612242e-09,0.99999964,1.3942841e-09,5.4610798e-08,1.0113245e-07,2.6186072e-07,1.3296304e-10
5.9488e-09,0.99787223,0.0018628915,0.00018553472,1.4424435e-05,4.2180778e-05,2.0460942e-05,2.1458216e-06
8.535401e-09,0.9982552,8.9651876e-05,0.0015623156,1.42789095e-05,5.492076e-05,1.9115421e-05,4.441881e-06
5.405785e-12,5.7486017e-07,0.9999987,2.961701e-09,5.2276384e-08,5.063147e-07,2.2217938e-07,6.790592e-10
1.4730366e-09,0.99970394,0.00010029707,0.00016691558,3.8610206e-06,1.4166407e-05,9.781017e-06,1.0244763e-06
1.3508931e-09,0.9999492,1.4928319e-05,2.4450974e-05,2.9847924e-06,1.7006478e-06,5.1926295e-06,1.491017e-06
1.4511687e-09,0.99973136,0.00016734238,5.634821e-05,1.4476075e-06,2.3085287e-05,1.8836217e-05,1.5355571e-06
3.52759e-09,0.99788827,0.00012608223,0.001932256,4.3584005e-06,3.1008443e-05,1.5200118e-05,2.7832193e-06
3.5744337e-12,1.7177921e-08,0.99999964,9.302561e-10,6.1404517e-09,1.678098e-07,1.5649516e-07,7.2828965e-11
1.2766776e-08,0.99986327,1.4983572e-05,9.087853e-05,2.285987e-06,3.5671198e-06,2.2621476e-05,2.353324e-06
1.8477173e-09,0.99958533,0.00012406545,0.00026115967,4.8038282e-06,1.4740452e-05,8.600038e-06,1.1950149e-06
9.4928374e-08,0.99958426,2.7622296e-05,0.00023503663,4.731275e-05,2.2975486e-05,7.147167e-05,1.1225723e-05
2.1817617e-07,0.87803936,0.003847188,0.11693879,0.00011027299,0.0008904441,0.00013294765,4.0793926e-05
4.1323972e-07,0.9952675,0.0033549282,0.0009853251,1.6561738e-05,0.00013328034,0.000228358,1.3621717e-05
3.4214153e-08,0.9984883,0.0001914093,0.0012098709,1.704721e-05,5.2785505e-05,3.0752122e-05,9.76214e-06
1.5994706e-09,2.8509024e-07,0.9999926,5.9092663e-08,1.1129836e-06,1.8788522e-06,4.0752307e-06,8.021505e-09
4.0656133e-07,0.99670225,0.0026472362,0.00016436743,4.4553348e-05,7.8085504e-05,0.00032668232,3.6380065e-05
2.6819826e-06,0.4174858,0.050558925,0.5275802,9.228007e-05,0.003515883,0.0006381623,0.00012606107
4.1909834e-10,0.99991894,3.105777e-05,3.298464e-05,8.1630765e-07,9.873796e-06,5.966106e-06,3.972709e-07
2.0424965e-08,0.00022175642,0.9995851,6.551026e-05,1.3430806e-05,6.952096e-05,4.4013104e-05,7.32727e-07
1.155138e-09,0.9997943,9.5456904e-05,8.997723e-05,3.7330071e-06,1.0358276e-05,4.272235e-06,1.897426e-06
2.1248358e-08,0.9982889,0.0011898093,0.00029186337,7.52362e-06,0.000103846505,0.00011589545,2.0405585e-06
9.104021e-11,0.99998915,1.7456374e-06,7.164953e-06,3.922928e-07,9.097651e-07,5.422182e-07,8.464539e-08
2.501214e-09,0.99986494,7.978455e-05,2.2227578e-05,2.5597976e-06,5.5685123e-06,2.4415758e-05,4.611572e-07
7.173379e-09,0.99954104,0.00013639114,0.00025527386,1.11717545e-05,4.0262505e-05,1.2862756e-05,3.0925364e-06
6.9375256e-11,0.99998856,4.652177e-06,1.5140542e-06,2.2390539e-07,1.1169133e-06,3.7683242e-06,1.2462675e-07
2.2109203e-08,0.0012362736,4.830642e-06,0.9987551,3.44241e-07,1.8497896e-06,4.740203e-07,1.1203673e-06
5.1406004e-09,1.4764562e-07,0.9999713,9.973886e-08,7.2650647e-07,1.3690867e-06,2.6315683e-05,1.1809897e-08
2.1330018e-10,0.99995553,1.4396233e-05,1.0464467e-05,8.04228e-07,3.2447685e-06,1.5338059e-05,2.2285671e-07
2.6418052e-08,0.000126505,0.9993826,0.0003593542,3.784518e-06,0.00010358865,2.3842415e-05,2.1425075e-07
6.081368e-10,0.9996661,9.74324e-06,0.00031534056,2.4629085e-06,3.1727957e-06,2.4312612e-06,6.453885e-07
4.179015e-10,0.9999125,6.24678e-05,1.468034e-05,3.503035e-06,3.2849866e-06,2.543498e-06,9.1872255e-07
2.2581074e-11,0.9999975,1.0671222e-06,9.064298e-07,5.3525714e-08,2.3058334e-07,2.2867268e-07,4.2488516e-08
1.5509346e-06,0.9880244,0.00537668,0.004799212,8.4645304e-05,0.00040028954,0.0012239998,8.920669e-05
5.744385e-10,0.999895,1.5371028e-05,7.8148645e-05,6.54784e-07,7.4385816e-06,3.0334306e-06,3.780896e-07
4.933457e-08,0.0008711123,7.629894e-05,0.9990349,4.444168e-06,4.9134974e-06,6.439365e-06,1.923979e-06
3.5789667e-09,0.9996691,4.7734877e-05,0.00026164379,2.5820393e-06,1.1948456e-05,4.3578507e-06,2.6223654e-06
7.4411804e-10,0.99963415,5.6565783e-05,0.00029372948,1.0936727e-06,9.00201e-06,3.9608935e-06,1.4844162e-06
5.361376e-07,0.05573179,0.0004517634,0.9436027,1.982614e-05,0.00010901945,5.7919453e-05,2.6438194e-05
2.4230398e-10,0.99991524,2.1979806e-05,5.4502838e-05,1.0801858e-06,4.7248254e-06,1.7398727e-06,7.13706e-07
2.2657964e-11,8.743071e-09,0.99999976,4.3024845e-10,4.43749e-08,1.5291239e-07,1.1348355e-07,1.0242108e-10
5.2118993e-11,0.99999094,1.733072e-06,5.4511197e-06,9.771935e-08,5.132218e-07,1.1588663e-06,9.360138e-08
0.000120651384,0.11050682,0.80438334,0.06584217,0.0004329511,0.010028461,0.0084105525,0.00027511848
1.4918564e-06,0.19387342,0.0029775703,0.80228204,5.3407017e-05,0.00048147843,0.0002763472,5.4231088e-05
3.7978864e-09,2.1506102e-07,0.9999881,3.3311366e-07,1.7732402e-06,3.735376e-06,5.791221e-06,2.638746e-08
5.646463e-09,7.744871e-06,0.99990904,1.8117289e-06,5.593748e-06,2.4185523e-05,5.1513376e-05,1.1170933e-07
3.7713326e-07,0.009473913,0.0006782307,0.9897167,8.320237e-06,8.039228e-05,2.3416873e-05,1.8653345e-05
6.583876e-11,0.9999685,1.9892845e-05,2.0226228e-06,8.00812e-07,4.4693065e-06,4.1638855e-06,8.3018364e-08
2.2594337e-08,0.967934,0.029666653,0.0018746672,7.565139e-05,0.00037159037,5.8358048e-05,1.9107212e-05
9.556628e-10,0.99991965,1.5610882e-05,5.1346768e-05,2.5306324e-06,5.806198e-06,3.8819962e-06,1.0852957e-06
1.065249e-08,0.99745435,0.00018839391,0.00088259595,8.957965e-06,0.0014062611,5.2291904e-05,7.0948404e-06
3.662891e-07,0.004799795,0.008557536,0.98633873,3.861784e-05,0.00010119403,0.00015960919,4.1130966e-06
4.0120837e-11,1.2549763e-05,0.9999807,4.8726534e-08,7.061665e-08,4.7805365e-06,1.7758418e-06,2.182154e-09
2.5711793e-07,0.99915147,0.00019473274,0.00040274212,2.0550944e-05,5.850362e-05,0.00015597603,1.5815278e-05
6.72424e-09,0.9996662,0.00013105584,7.8832585e-05,3.727108e-06,0.00011386622,4.7580866e-06,1.6151703e-06
1.2757347e-09,0.99941695,0.0004891276,2.3613482e-05,3.940391e-06,5.245454e-05,1.3353977e-05,5.9489525e-07
3.3731915e-08,0.012247421,1.6048689e-05,0.9877138,1.7102135e-06,9.139106e-06,9.4510715e-06,2.468885e-06
1.6196861e-06,0.011106518,0.96133256,0.024054598,0.0002816557,0.0024124396,0.0007863415,2.4244477e-05
3.2014025e-12,6.14091e-09,0.9999999,4.7106513e-10,2.6690408e-09,1.3470597e-07,2.4175367e-08,3.29762e-11
2.3452465e-07,0.11045733,0.00070859306,0.8885926,2.0042422e-05,0.00015919565,3.4529487e-05,2.7394062e-05
6.651688e-05,0.451241,0.06523419,0.4755561,0.0020188554,0.0010154067,0.0040642265,0.00080373324
1.3817407e-07,0.028422046,0.0019120814,0.9694446,1.1858849e-05,9.93617e-05,9.3356546e-05,1.6511129e-05
2.1493765e-13,3.3189835e-09,1.0,2.0790814e-11,9.774493e-10,9.923255e-09,9.269908e-09,2.939807e-12
1.1444187e-12,2.2550206e-09,0.9999999,2.4878466e-10,4.492169e-09,3.4622154e-08,1.0401728e-07,7.620655e-12
1.0121962e-12,4.418571e-08,0.99999964,4.7619614e-10,2.0002439e-08,5.7326996e-08,1.7908751e-07,5.931986e-11
1.2403502e-10,0.9999809,3.36968e-06,1.045389e-05,3.02271e-07,9.1488226e-07,3.9309757e-06,9.25825e-08
9.017115e-07,0.004514517,0.0002405649,0.9951298,1.3071959e-05,3.3049437e-05,5.5892247e-05,1.2217137e-05
1.5572589e-09,6.640934e-06,0.99998236,5.6282772e-08,8.3410083e-07,8.987241e-06,1.1053002e-06,9.033121e-09
8.261793e-11,1.6068504e-06,0.9999949,1.2098482e-08,2.845935e-07,1.3418569e-06,1.9413005e-06,2.3209308e-09
7.71057e-13,1.9930507e-08,1.0,7.5069354e-11,1.1124229e-08,2.9623843e-08,2.8065914e-08,1.2828187e-11
3.0933105e-09,6.7601277e-06,0.99995494,2.4406452e-07,5.3635295e-06,1.2689125e-05,1.9964413e-05,1.285155e-07
4.4685876e-08,0.9966092,0.00057343376,0.0025456792,2.0585852e-05,0.00018722829,5.2641062e-05,1.1236803e-05
1.0799054e-12,2.4102706e-09,1.0,2.2704474e-11,3.2160963e-09,1.4747163e-08,3.3570323e-08,4.9290476e-12
3.6230077e-10,0.99995613,2.373245e-05,1.3656722e-05,5.029269e-07,2.0002085e-06,3.830109e-06,1.6542656e-07
2.2872933e-11,6.5193944e-08,0.9999993,5.0745967e-09,2.6385893e-08,4.6101425e-07,2.3929584e-07,2.9397124e-10
2.7120935e-08,0.0009762305,4.5664696e-05,0.99896145,1.2284868e-06,6.62114e-06,6.822483e-06,2.03277e-06
1.8849171e-10,0.999974,3.905811e-06,1.9366695e-05,3.742182e-07,1.006593e-06,1.2255558e-06,2.0129652e-07
2.4361982e-10,0.99996376,1.8783636e-05,7.795708e-06,3.086992e-06,3.3788576e-06,2.3038203e-06,8.6107843e-07
3.9838657e-10,0.99989533,2.4589399e-05,6.705134e-05,3.6382992e-06,4.8191637e-06,3.9125903e-06,6.5146935e-07
1.0932936e-06,0.44730985,0.0021401618,0.5497243,0.0002363151,0.00022783567,0.0002582151,0.00010230648
2.5256424e-05,0.503739,0.0011162611,0.4922417,0.00035755936,0.0009356739,0.0010201556,0.0005644181
5.8311335e-11,0.9999876,5.090215e-06,5.1575107e-06,1.8835172e-07,1.3309478e-06,3.8674102e-07,1.8792038e-07
3.5191763e-07,0.03231858,0.00053074723,0.9669641,5.816221e-06,7.9766585e-05,9.1117494e-05,9.616444e-06
7.363658e-10,0.9991524,0.0008180252,7.85963e-06,3.2760036e-06,1.3214714e-05,4.959324e-06,2.6246207e-07
1.8960231e-09,0.99970657,2.3031655e-05,0.00025339084,7.678755e-07,7.935984e-06,7.3649044e-06,8.225737e-07
3.4606285e-07,0.33649814,0.0013484437,0.6610016,1.1689333e-05,0.00096869445,0.0001494941,2.1587788e-05
1.7848231e-10,0.9998834,8.970386e-05,1.2811315e-05,1.3585267e-06,7.5609396e-06,4.9439523e-06,3.4959064e-07
1.0382503e-08,2.6974392e-05,0.9999262,9.250265e-07,5.2648525e-06,1.51767135e-05,2.530836e-05,1.368613e-07
2.1167578e-07,0.79410803,0.11512226,0.08681373,4.4199187e-05,0.0036887862,0.00020106141,2.1709495e-05
1.6334291e-10,5.276844e-08,0.99999833,7.694105e-09,6.335208e-08,4.8857385e-07,9.898797e-07,7.6390017e-10
3.2258483e-09,0.9991085,0.0002849655,0.00053995324,5.3115837e-06,4.2896227e-05,1.5914331e-05,2.4590736e-06
5.551216e-13,2.0622941e-09,1.0,5.4270356e-11,1.0467436e-09,1.8200767e-08,3.7579632e-08,4.8885817e-12
9.43345e-07,0.0011974064,9.29333e-05,0.9986552,3.085717e-06,2.5772875e-05,1.5361153e-05,9.119879e-06
9.2353375e-08,0.0912667,0.0015692802,0.90694135,1.28696165e-05,0.00013259458,5.4768396e-05,2.2378794e-05
8.328295e-12,1.0337994e-08,0.99999964,1.20879e-09,8.71435e-09,1.5331365e-07,2.799823e-07,1.2989138e-10
1.1405075e-05,0.6584798,0.29742858,0.02915853,0.0012960572,0.004419846,0.008573147,0.0006326272
5.4100805e-13,1.843457e-08,1.0,1.0581974e-10,1.1246602e-08,2.3582537e-08,4.0372694e-08,1.5253795e-11
1.1073372e-07,0.00046641787,4.7997026e-05,0.99947244,3.825793e-06,1.3389655e-06,6.853859e-06,1.0628931e-06
7.918326e-11,5.1182076e-07,0.9999982,2.1852465e-08,9.7260966e-08,5.5075924e-07,6.428517e-07,1.8079109e-09
2.6800197e-07,0.42387682,0.0014271109,0.5739031,1.7096943e-05,0.0006283499,8.665355e-05,6.065602e-05
2.5995163e-07,0.93892497,9.142457e-05,0.060746234,7.1169243e-06,6.955347e-05,0.00014258616,1.791455e-05
1.8136413e-06,0.95122457,0.0005887372,0.046862118,2.7151396e-05,0.0003032022,0.0009506622,4.1750405e-05
1.4189133e-07,0.87008315,0.015288904,0.11352223,0.00012270513,0.00082479924,0.00014156823,1.6522183e-05
6.0785212e-09,0.9989994,0.00011721262,0.00082424126,5.813686e-06,4.144401e-05,8.236951e-06,3.624789e-06
1.4123887e-08,0.0006454598,4.2750118e-05,0.9993051,1.5037159e-07,4.966003e-06,8.770332e-07,5.370157e-07
1.0122139e-09,0.9996933,0.00018630705,6.7247885e-05,2.838736e-06,1.5021225e-05,3.4942917e-05,3.8869493e-07
3.006079e-12,1.2832454e-07,0.9999995,4.92769e-09,1.830349e-08,2.2590773e-07,1.4979084e-07,1.8476608e-10
9.910221e-08,0.98988837,0.0013447376,0.008359451,6.048665e-05,0.0002537369,7.0203896e-05,2.2964385e-05
2.1684824e-12,5.3222227e-08,0.99999917,7.4490285e-09,9.9707735e-09,1.9232417e-07,5.517665e-07,1.0054218e-10
1.1278308e-08,0.00081801193,6.946218e-05,0.99910766,3.9503726e-07,2.6692585e-06,1.0531313e-06,6.6836617e-07
1.5112061e-12,2.0113083e-08,0.9999999,1.8882045e-10,5.7666396e-09,1.0383016e-07,2.2322554e-08,3.1090863e-11
1.7668128e-12,5.2276823e-09,1.0,1.1209333e-09,8.60411e-09,2.5556012e-08,5.8170176e-08,3.4178174e-11
1.6224539e-12,3.0977765e-10,1.0,2.1554876e-11,5.273389e-09,1.4146735e-08,2.5927731e-08,2.9044436e-12
2.0108034e-07,0.96661913,0.00038298746,0.03253736,7.025486e-05,0.00020704737,5.516481e-05,0.00012774907
8.796579e-08,0.69420743,0.001353127,0.30402303,3.3994158e-05,0.0002298078,0.00013244512,2.0084537e-05
8.039314e-11,4.802719e-07,0.9999987,1.87806e-09,3.6317452e-08,6.371945e-07,2.8025318e-07,1.8697739e-10
1.3593104e-10,0.9999682,1.1202748e-05,1.5949001e-05,1.723428e-07,2.3185141e-06,2.0823895e-06,9.5986806e-08
1.3459932e-09,0.99986315,6.875793e-05,3.434192e-05,7.622496e-07,1.2774881e-05,1.9869703e-05,3.9483186e-07
1.8480395e-09,0.999813,5.847565e-06,0.0001652461,6.191619e-07,8.573783e-06,5.0213253e-06,1.6955258e-06
2.551862e-08,0.99630153,3.0210174e-05,0.0035619142,6.3570233e-06,3.4961897e-05,6.2041785e-05,3.0624653e-06
3.994205e-06,0.08924528,0.0036140382,0.90641767,0.0001442016,0.00027133478,0.00025687058,4.6548244e-05
1.7770056e-12,7.722197e-09,0.9999999,4.8936306e-11,6.092389e-09,3.3814906e-08,8.4243474e-08,1.0382501e-11
6.261322e-08,0.98529196,0.0037720422,0.010509144,3.3274107e-05,0.00033101032,4.3583637e-05,1.9004527e-05
3.8517832e-08,0.9997912,5.011784e-05,5.725832e-05,4.730632e-06,8.855981e-06,8.308185e-05,4.6773607e-06
1.0587888e-06,0.1488472,0.004491154,0.8458365,0.00010879538,0.00050586043,0.00016490697,4.453293e-05
1.1190498e-06,0.0293591,0.004498597,0.96564883,4.1991752e-05,0.0002863096,7.8878766e-05,8.519423e-05
1.6352034e-11,4.496549e-08,0.9999993,1.2020553e-09,9.0736854e-08,2.598877e-07,2.0898644e-07,2.2046048e-10
1.981553e-11,0.9999875,1.0384304e-05,3.7446597e-07,2.7776062e-07,4.4194928e-07,9.256674e-07,8.641818e-08
5.5929586e-08,0.9855605,0.000670189,0.0136305075,1.8422903e-05,4.8351285e-05,6.27226e-05,9.224335e-06
6.1331327e-09,0.9986248,0.0002627004,0.0010322733,8.709722e-06,5.6869212e-05,9.63754e-06,4.9705986e-06
6.6777948e-09,3.2080482e-06,0.999962,2.2364037e-07,3.6791714e-06,1.0953254e-05,1.9916823e-05,5.2899033e-08
7.5523243e-10,0.9997582,0.00016522003,2.1775179e-05,6.654732e-07,1.7639391e-05,3.5668283e-05,8.421521e-07
6.8040523e-10,0.99994004,4.1608713e-05,8.566265e-06,1.0913772e-06,4.629314e-06,3.6620816e-06,4.3260104e-07
4.22029e-09,0.99595827,0.002672194,0.0012105769,4.083695e-05,6.141166e-05,5.396974e-05,2.6936737e-06
1.1548717e-10,1.0178445e-05,0.9999857,4.443941e-08,2.1029612e-07,2.2589848e-06,1.5175235e-06,2.989951e-09
2.0158801e-09,0.99988866,2.5467714e-05,6.930829e-05,6.5929953e-07,7.201161e-06,8.258904e-06,5.650911e-07
2.7579614e-11,0.9999939,8.775339e-07,3.4664931e-06,1.01136884e-07,5.7372097e-07,9.3314526e-07,1.0311197e-07
4.2320435e-06,0.8212036,0.091877595,0.0828273,0.00030377245,0.0027698248,0.0008747692,0.00013888537
2.197262e-07,0.00736824,0.000820159,0.9915855,6.830099e-06,0.00015824407,5.2516552e-05,8.359989e-06
1.9061127e-07,0.06960257,0.00013045162,0.9300854,7.770786e-06,7.4830234e-05,6.928312e-05,2.9457431e-05
9.202167e-12,0.999997,4.4829594e-07,2.0227692e-06,2.4539945e-08,2.5385427e-07,2.0131421e-07,1.7607421e-08
5.94764e-10,0.9989273,1.8564668e-05,0.0010469512,8.48771e-07,2.9168064e-06,1.8566395e-06,1.5638527e-06
3.23633e-12,3.6494668e-10,1.0,2.7411662e-10,1.7496621e-09,1.6179577e-08,3.523163e-08,9.295691e-12
7.1839446e-09,0.00017256,0.9997253,1.0195358e-05,3.1844697e-06,7.3670766e-05,1.4846584e-05,1.3411928e-07
8.568335e-08,0.0016197294,3.9222017e-05,0.99831957,1.8537236e-06,5.174387e-06,9.021332e-06,5.2703726e-06
9.291698e-07,0.0005356356,5.3455322e-05,0.9993525,2.6880548e-06,3.5308873e-05,1.2688678e-05,6.6549096e-06
1.3303636e-10,0.9999826,1.1923547e-05,1.5116099e-06,4.9790066e-07,1.2524039e-06,1.9545255e-06,1.355017e-07
8.1142343e-10,0.9998425,2.9477313e-05,0.00010827992,2.4678957e-06,6.7863866e-06,9.493208e-06,8.917061e-07
4.305061e-12,0.99999857,7.3025933e-07,3.4291486e-07,3.840909e-08,1.3656219e-07,1.8726354e-07,3.018101e-08
1.3929655e-10,5.2138535e-08,0.9999962,3.3024958e-09,4.692238e-08,3.5483852e-06,1.9892123e-07,9.6485e-10
5.277202e-13,9.508835e-09,1.0,8.446491e-11,2.2521194e-09,1.7930557e-08,1.23185195e-08,7.343559e-12
1.7820986e-09,0.9997018,5.6727527e-05,0.00022020732,4.0201085e-06,6.4224178e-06,9.757723e-06,9.769591e-07
1.994656e-09,6.606786e-06,0.99995494,2.0124142e-07,2.3568143e-06,2.742459e-05,8.426124e-06,3.3954922e-08
4.8600143e-08,0.00013936132,7.1413333e-06,0.99984765,4.6757e-07,1.606309e-06,2.925949e-06,7.0136036e-07
2.4257406e-07,9.1793816e-05,4.9550137e-05,0.99984896,1.232337e-06,4.34896e-06,1.5992615e-06,2.1584008e-06
1.5377353e-06,0.12577994,0.0051107192,0.86795276,0.00016968812,0.00036370766,0.00056998344,5.1647825e-05
3.5714225e-09,7.343913e-06,0.99995255,3.340011e-07,7.1265154e-06,1.0493027e-05,2.1997674e-05,6.1512075e-08
4.0748103e-09,0.99941814,6.30286e-05,0.00049787265,4.5890392e-06,7.776312e-06,7.5419343e-06,1.0849769e-06
1.103778e-09,0.9990429,0.00088142685,2.7120785e-05,4.4468325e-06,1.610099e-05,2.7420932e-05,5.107645e-07
1.2089582e-06,0.7632539,0.011755554,0.22228624,0.000111152476,0.0017133681,0.0007928819,8.5597436e-05
1.0348466e-06,0.5544416,0.007644743,0.43666783,0.00012926951,0.00056705513,0.00051725167,3.125719e-05
1.0077268e-09,0.99974614,0.00019307823,1.8094423e-05,4.8179163e-06,2.0463347e-05,1.6833172e-05,5.134011e-07
2.1910542e-07,0.9979638,0.0012455062,0.00048618732,7.9219835e-06,0.0001064826,0.0001853321,4.5628944e-06
2.8914967e-05,0.04219059,0.0008431862,0.9556635,0.00022649963,0.000254446,0.00064490887,0.0001480413
4.078887e-09,0.99944156,3.7925365e-05,0.0004911098,3.952641e-06,1.16066385e-05,1.1990181e-05,1.9588333e-06
1.1489853e-06,0.99706954,0.0015481762,0.00088605826,4.859226e-05,0.00023138449,0.00018856581,2.656858e-05
6.8772793e-10,0.9998186,3.9760092e-05,0.000122061385,8.555253e-07,1.3899578e-05,4.0615287e-06,7.5743674e-07
5.522158e-08,0.99239033,0.0021022821,0.0052430723,2.271072e-05,0.000132816,9.9065226e-05,9.71223e-06
1.5482032e-05,0.613658,0.0012905669,0.3827244,9.4809824e-05,0.00044253562,0.0013080131,0.00046617922
7.780836e-08,0.0005992435,0.00013716845,0.99924845,1.1005912e-06,6.956243e-06,6.435793e-06,5.4069335e-07
1.691635e-09,0.9996401,0.00025294255,5.3016152e-05,4.171165e-06,7.2871044e-06,4.122933e-05,1.1985765e-06
4.0518378e-10,0.99986076,4.247799e-05,7.007552e-05,1.7829014e-06,1.8530254e-05,5.4144148e-06,1.0042345e-06
5.7588925e-12,7.694966e-09,0.99999976,2.9991645e-10,1.0319515e-08,3.8312844e-08,2.1742127e-07,4.5669277e-11
6.919387e-13,4.945787e-10,1.0,9.529428e-12,2.0453244e-09,9.991647e-09,1.8131573e-08,2.2994454e-12
3.121469e-08,0.09251445,0.87949765,0.027222132,3.2902994e-05,0.00060880906,0.000115552655,8.489947e-06
9.778425e-10,3.3944857e-06,0.9999788,1.8212074e-07,8.912461e-07,6.6031075e-06,1.0125648e-05,2.1335255e-08
4.3461358e-07,0.09988507,0.69067115,0.20770337,4.157721e-05,0.0014218511,0.0002632141,1.3307669e-05
4.954324e-07,0.69937575,0.2958,0.0024433655,0.000255553,0.00097349595,0.0011208616,3.0433355e-05
9.295181e-10,4.989838e-05,0.99993646,1.0741227e-07,1.1797499e-06,4.463025e-06,7.834206e-06,1.8141801e-08
4.495526e-10,0.99992156,2.1035385e-05,4.8378548e-05,4.3996437e-07,4.5507745e-06,3.6185531e-06,4.2751202e-07
9.2641116e-08,0.9830813,0.00025208673,0.0163986,1.2372034e-05,0.00012574314,0.00011962174,1.019554e-05
8.564193e-08,0.9796688,0.008834765,0.010903957,9.078063e-05,0.00024965045,0.0002291719,2.2707434e-05
2.8963792e-10,0.9998946,1.3697895e-05,8.0851e-05,2.3327507e-06,3.6549689e-06,4.3819236e-06,3.860245e-07
1.3630924e-10,0.9999275,1.2008532e-05,5.533563e-05,4.5530308e-07,1.8382833e-06,2.1602302e-06,6.651741e-07
4.3117637e-08,0.99730253,0.0014646393,0.0009215701,3.384002e-05,0.00016843119,0.00010135691,7.5057565e-06
1.4232601e-13,2.5409457e-09,1.0,4.5654744e-11,1.3153746e-09,9.916501e-09,5.909882e-09,3.3520606e-12
2.7930094e-13,1.0374896e-08,1.0,1.3303258e-10,1.9404671e-09,1.3990937e-08,2.1495786e-08,6.784988e-12
0.000107057,0.3866173,0.006588883,0.60060644,0.000649158,0.0014307636,0.0031423264,0.0008579966
8.756143e-10,3.5071975e-05,0.99995506,8.314422e-07,6.961942e-07,5.16542e-06,3.0639205e-06,2.4344144e-08
1.0480279e-06,0.025045652,0.001094701,0.97327834,0.000107146,0.00035927084,8.1802384e-05,3.2010514e-05
7.499557e-07,0.6493769,0.010370469,0.33886385,6.0589737e-05,0.0008013008,0.00045694993,6.915772e-05
1.519325e-06,0.9943389,0.0012734802,0.0034695296,0.00016382434,0.00039012503,0.0002241756,0.00013846032
4.9714128e-08,0.9993249,0.00033180896,0.00016813287,1.1854533e-05,6.2318126e-05,9.008907e-05,1.0914036e-05
1.6988951e-09,0.9997627,0.00014660941,5.923211e-05,3.2193911e-06,1.4025227e-05,1.3321551e-05,8.532262e-07
2.9005457e-07,0.0007154278,0.00018691388,0.99907076,8.190378e-07,1.5298074e-05,5.4796965e-06,5.0607573e-06
2.6229548e-11,0.9999974,6.386203e-07,1.2755188e-06,7.356186e-08,1.4361221e-07,3.114783e-07,1.0474349e-07
2.6102411e-08,0.9903695,0.0004360918,0.0089181075,1.4625931e-05,0.00019340958,4.9482096e-05,1.876469e-05
1.7552118e-05,0.85609496,0.0073769875,0.13252577,0.00037643075,0.0011359275,0.0019072552,0.0005650835
4.7094866e-09,0.99862397,0.00015353577,0.0011900263,7.453034e-06,8.2709785e-06,1.18737025e-05,4.9839373e-06
3.795304e-08,0.00010481414,0.9992237,0.0005187017,6.9266853e-06,0.00011509792,3.0378638e-05,3.907191e-07
6.0285777e-07,0.14505307,0.83786935,0.012649699,0.00018892463,0.0037113978,0.00050768384,1.9208735e-05
1.7570073e-08,0.9833425,0.009367254,0.0067862375,2.7315547e-05,0.0003852536,8.808524e-05,3.3695396e-06
5.2131295e-09,0.99975675,4.9206155e-05,0.00012430562,2.2637614e-06,5.343173e-05,1.2399522e-05,1.6861619e-06
6.2647096e-11,0.9999845,8.605565e-06,4.221002e-06,4.647105e-07,1.2099741e-06,9.674329e-07,9.96453e-08
3.9850896e-09,0.9991762,4.0071558e-05,0.00076042564,4.772383e-06,7.794043e-06,7.766041e-06,2.9883959e-06
9.818889e-07,0.25115344,0.01972852,0.727447,0.00035104077,0.000481027,0.00077802775,6.0015373e-05
4.5932564e-05,0.031928036,0.012008074,0.95194197,0.00060362625,0.0016780843,0.0014768401,0.00031754826
1.509921e-07,0.056542035,0.8478324,0.09378352,0.00037120434,0.0010232741,0.0004376303,9.846565e-06
6.6376077e-10,0.99983335,8.81887e-05,5.038373e-05,3.7019822e-06,1.8946748e-05,4.5525912e-06,8.829077e-07
8.930721e-10,0.9999156,5.3133477e-05,1.49747275e-05,2.2468143e-06,5.193916e-06,8.216711e-06,4.8605597e-07
1.0666517e-10,1.16336764e-07,0.9999982,1.977604e-09,1.7300732e-07,4.7541755e-07,1.0739826e-06,4.7311827e-10
1.4902593e-10,0.9999684,2.3450451e-05,3.6149422e-06,5.180208e-07,2.4719473e-06,1.4250239e-06,1.3800778e-07
9.708008e-07,0.99783915,8.9878384e-05,0.0017726246,5.0185314e-05,4.454686e-05,0.00011645689,8.6288426e-05
6.799891e-10,0.99981266,0.00010195408,6.31753e-05,4.394072e-06,1.3924078e-05,3.4809366e-06,4.90679e-07
2.8166636e-10,0.9999366,5.323885e-06,5.1991025e-05,6.3952666e-07,2.4284568e-06,2.5188024e-06,5.4860647e-07
2.5463882e-07,0.0010633996,0.0005594911,0.9983187,2.1715691e-06,4.0679995e-05,8.725416e-06,6.64587e-06
2.1538604e-06,0.04395693,0.005773572,0.948607,6.252068e-05,0.0013165469,0.00016675965,0.000114449154
9.620742e-05,0.6187013,0.019441517,0.34245473,0.00096965185,0.0026184968,0.0147378715,0.0009801607
1.487263e-06,0.041450996,0.0043444596,0.953352,2.308267e-05,0.00065744965,0.00014785488,2.2779963e-05
8.926914e-13,1.3729615e-09,1.0,4.55747e-11,2.876321e-09,2.6163452e-08,3.357833e-08,8.077514e-12
1.01333865e-10,0.99998045,3.3433216e-06,1.3631784e-05,9.5739864e-08,1.1401394e-06,1.0486962e-06,1.9422734e-07
8.718845e-07,0.046600685,0.0027845374,0.95006347,4.1482006e-05,0.00020809696,0.0002784302,2.240727e-05
2.9512977e-08,0.99844897,0.00047874474,0.00025913137,1.2124381e-05,0.00067577214,0.00011614984,9.037433e-06
9.414229e-08,0.9948565,0.0014624515,0.0028176967,0.00016093887,0.0005849675,8.797991e-05,2.943562e-05
7.4213147e-09,0.9996269,0.00024909875,6.5598775e-05,6.99498e-06,2.1604059e-05,2.8759447e-05,1.1029733e-06
2.6247907e-10,0.99994123,1.2679552e-05,3.770506e-05,1.4182431e-06,4.4951735e-06,1.436841e-06,9.899846e-07
5.433086e-10,0.99994266,2.570569e-05,2.2366785e-05,1.4492259e-06,2.4947537e-06,4.994632e-06,2.627438e-07
2.806275e-11,3.7195104e-08,0.9999994,1.596942e-09,3.3625415e-08,2.6221753e-07,1.9983645e-07,1.6457366e-10
1.7424416e-10,0.9999794,3.6979745e-06,1.27326375e-05,5.7707035e-07,1.3110325e-06,2.0949922e-06,2.3182672e-07
4.4975143e-12,8.767609e-07,0.99999857,8.9305763e-10,1.6744776e-08,3.2553928e-07,2.3111373e-07,9.2376384e-11
1.1763695e-08,4.199032e-06,0.9999596,1.2109333e-06,2.9197008e-06,1.3712888e-05,1.8211413e-05,8.379522e-08
1.9527008e-12,2.5019004e-08,0.9999995,4.0457118e-10,1.0423546e-08,7.683353e-08,4.0058282e-07,2.7012921e-11
8.286231e-05,0.013381516,0.020521825,0.96205425,0.0010288716,0.0009562689,0.0016066458,0.00036776153
3.045114e-09,1.8806559e-06,0.99996984,6.0610284e-07,4.0035115e-06,1.0544972e-05,1.29890805e-05,4.8273563e-08
6.810821e-06,0.40023264,0.18078578,0.41653398,0.00040356824,0.0012148933,0.0007005585,0.000121665165
1.0535773e-09,0.9997973,6.707489e-05,0.000108279564,5.3252356e-06,1.2892363e-05,8.179566e-06,1.0223623e-06
3.6181155e-10,0.99994385,8.130434e-06,3.759855e-05,5.309704e-07,4.6127084e-06,4.258664e-06,1.0692265e-06
3.6812187e-10,0.99987185,4.491453e-05,6.89337e-05,1.1607201e-06,6.874656e-06,5.7198176e-06,4.5439415e-07
1.2719026e-07,0.28887236,0.6838091,0.024632843,9.0812195e-05,0.0022560514,0.00031745032,2.1258924e-05
3.033073e-08,0.0025347706,0.00017167193,0.99726045,2.967965e-06,1.4627837e-05,1.1087011e-05,4.2789716e-06
1.8300355e-08,9.195825e-06,0.99993694,5.9481986e-06,2.0512498e-06,3.525403e-05,1.04740775e-05,1.4947808e-07
5.6649056e-12,2.0376895e-07,0.9999995,3.5036368e-10,2.756761e-08,2.0002065e-07,1.1263239e-07,5.5600562e-11
3.8311345e-09,0.99974936,4.6852478e-05,0.00015604452,3.2471921e-06,1.8648308e-05,2.3518993e-05,2.2874187e-06
8.9430335e-10,0.999941,1.0664926e-05,3.9432787e-05,1.5392501e-06,2.4236526e-06,3.9905963e-06,1.0212949e-06
1.1154744e-07,0.9904518,0.004283626,0.004578852,1.5851987e-05,0.00057858275,7.513153e-05,1.6018255e-05
1.4099522e-10,1.2537845e-07,0.99999774,1.1345059e-08,1.4518601e-07,6.514671e-07,1.3058657e-06,2.1036104e-09
9.409364e-07,0.31998172,0.0098955985,0.66832185,0.00013645107,0.0009805363,0.000618581,6.427801e-05
2.9728435e-12,1.208233e-08,0.99999976,1.139358e-10,9.397584e-09,9.6353766e-08,6.4965334e-08,3.8302632e-11
7.7070474e-08,0.115587376,0.8761757,0.0076468857,4.8633592e-05,0.0004184487,0.00011701737,5.8719925e-06
2.6314952e-09,0.99912566,0.00010123462,0.0007424046,1.7616711e-06,1.8528377e-05,9.823911e-06,5.4789865e-07
6.4187344e-10,0.99994445,1.2022854e-05,3.6192105e-05,9.910874e-07,4.048998e-06,2.1005326e-06,1.09296465e-07
5.949875e-10,0.99979836,2.2373177e-05,0.00016524289,9.815082e-07,9.541711e-06,3.0125686e-06,5.014334e-07
3.8325298e-11,0.9999943,1.4412733e-06,1.815668e-06,8.440497e-08,5.8595026e-07,1.6977233e-06,6.132545e-08
1.0189995e-07,0.29921848,0.0009696513,0.6995196,6.2373096e-05,4.137506e-05,0.00017810464,1.0353298e-05
2.6923427e-10,0.99993825,2.2379316e-05,2.912865e-05,1.5860694e-06,6.7448045e-06,1.3070326e-06,5.094512e-07
5.949875e-10,0.99979836,2.2373177e-05,0.00016524289,9.815082e-07,9.541711e-06,3.0125686e-06,5.014334e-07
2.8488908e-12,7.474153e-09,0.9999999,2.8314182e-10,3.6892558e-09,3.2101283e-08,6.245476e-08,2.6938634e-11
1.3967517e-09,0.99782014,0.00016097956,0.0019745375,6.856301e-07,2.847445e-05,1.3298583e-05,1.8699652e-06
1.0003439e-06,0.011410612,0.0028101935,0.9851621,3.7419104e-05,0.00012746075,0.00042753282,2.3685276e-05
1.2218557e-09,9.380767e-06,0.9999589,3.7852936e-07,7.405148e-07,8.1799435e-06,2.2377772e-05,1.1650899e-08
2.8398692e-10,0.9992725,0.000109729976,0.00060035015,4.511902e-07,1.1349094e-05,3.793832e-06,1.8714982e-06
7.468572e-07,0.0044051306,0.00042517224,0.9949768,6.280636e-06,0.0001375478,3.6568643e-05,1.1770041e-05
7.216223e-11,0.9999883,9.058836e-06,4.240856e-07,7.224142e-07,7.113499e-07,6.723502e-07,1.1231385e-07
8.6695e-09,7.663967e-05,0.9998387,2.7658909e-05,7.9155234e-07,4.865348e-05,7.4181366e-06,3.0049655e-08
1.7484698e-06,0.008105506,0.0003921707,0.9913776,6.4468554e-06,5.691178e-05,4.2139527e-05,1.7460012e-05
6.6518166e-11,0.9999924,1.2546756e-06,4.3701366e-06,2.1825647e-07,9.65262e-07,6.5231967e-07,1.5692669e-07
4.925808e-09,0.9999324,2.1683309e-05,2.3501974e-05,2.5112365e-06,1.1865179e-05,6.672833e-06,1.3094553e-06
1.1491215e-11,3.2548265e-08,0.99999964,1.0000809e-09,2.6327688e-08,1.7388376e-07,1.7027338e-07,1.9692685e-10
2.2694395e-11,0.99999654,9.458633e-07,1.4714815e-06,6.263015e-08,3.727129e-07,5.514058e-07,5.6419324e-08
3.1187576e-06,0.006577975,0.0011956127,0.9918149,2.831812e-05,0.00011017174,0.00023589804,3.400807e-05
1.25621735e-08,0.9974529,0.0019936105,0.00014506155,1.8729861e-05,0.0002477642,0.00013555477,6.272491e-06
1.0965607e-08,2.0584934e-05,0.999848,2.2613247e-06,5.632762e-06,2.0979227e-05,0.0001023503,1.6829284e-07
3.2238166e-12,9.3991614e-09,0.99999976,5.4953886e-10,7.199018e-09,1.1291226e-07,9.700914e-08,4.811113e-11
5.133105e-08,0.9923649,0.0028391085,0.0012607818,0.0032696081,0.00014033813,0.00010007108,2.5302488e-05
2.4508326e-08,0.99984646,2.3183151e-05,1.682175e-05,2.4786468e-06,6.2129457e-06,0.00010241789,2.397809e-06
6.340769e-07,0.14494367,0.008038937,0.8462044,8.420199e-05,0.00030862846,0.00038958562,2.989315e-05
1.4647112e-06,0.07669004,0.022657484,0.89927864,3.8927494e-05,0.0007297371,0.000566058,3.757778e-05
3.8120485e-09,0.9997657,0.00013242973,2.5003055e-05,5.580048e-06,1.0921568e-05,5.911829e-05,1.2410605e-06
1.7631093e-08,0.9978942,0.00054592785,0.0014460166,2.5134528e-05,4.5536242e-05,3.1749427e-05,1.1377602e-05
7.993283e-11,0.9999957,1.1715217e-06,1.2550771e-06,3.712043e-07,2.276524e-07,1.1838084e-06,1.1320929e-07
6.860556e-11,0.9999862,3.841847e-06,2.7348724e-06,2.5118976e-07,8.0307694e-07,6.0939246e-06,1.8358148e-07
1.0033823e-07,0.99541414,0.0010012995,0.0013729503,1.5628124e-05,0.00205032,0.00012914014,1.6300875e-05
1.7709095e-08,0.99793494,0.0014303743,0.0004648879,1.6077614e-05,8.214332e-05,6.701849e-05,4.603257e-06
3.8980343e-09,0.99767333,0.0019250849,0.000290028,2.0843722e-06,8.995888e-05,1.6230717e-05,3.3620772e-06
1.4351959e-07,0.0006252457,9.4241506e-05,0.9992466,7.831881e-07,1.2433943e-05,1.912481e-05,1.5634056e-06
1.0113447e-09,2.232306e-06,0.9999825,6.818367e-08,1.177016e-06,5.0051403e-06,9.099956e-06,2.108886e-08
1.9825565e-11,0.99999404,1.1276995e-06,4.059643e-06,1.2813e-07,2.0431852e-07,3.2783046e-07,6.659429e-08
4.3186055e-06,0.08516679,0.17479049,0.7372083,0.00032825654,0.0016233841,0.0006133623,0.00026502227
2.7159474e-11,1.288816e-06,0.99999714,8.7816545e-09,8.8092555e-08,8.632911e-07,5.871742e-07,2.1944069e-09
2.351632e-10,1.3831523e-06,0.9999931,4.1448075e-08,4.1394216e-07,2.5088207e-06,2.5919148e-06,3.5587628e-09
1.9865062e-08,0.9958404,0.002207619,0.00035437767,0.0014532421,8.861969e-05,3.6368474e-05,1.9309828e-05
1.1087108e-09,0.9998547,6.4270766e-06,0.00012295406,1.7987121e-06,9.453211e-06,3.9519336e-06,7.5926926e-07
2.0151068e-08,0.031111887,0.96853876,1.9479274e-05,5.4034685e-05,0.0002495093,2.4727771e-05,1.6494434e-06
5.0533453e-09,0.99355763,0.0057767937,0.00026749336,9.441771e-06,0.00032231782,6.3411215e-05,2.8722382e-06
5.83708e-10,0.99990404,1.1156633e-05,7.116502e-05,9.556329e-07,7.114117e-06,4.5347565e-06,9.716341e-07
1.9692363e-10,0.9999509,2.3295815e-05,1.2800553e-05,1.2995283e-06,7.788371e-06,3.4419772e-06,5.967739e-07
8.280333e-11,6.2463795e-07,0.99999714,1.2841102e-07,2.412902e-07,8.881095e-07,1.0024892e-06,2.238362e-09
1.680235e-06,0.5356835,0.0068550548,0.45592755,0.00032412718,0.0007198719,0.00043533172,5.280805e-05
1.9757266e-07,0.00051844126,8.579833e-05,0.9993699,9.430632e-06,2.6453895e-06,1.1871426e-05,1.6812392e-06
5.519972e-11,3.0301337e-06,0.9999949,6.6675017e-09,1.1345378e-07,1.5453121e-06,4.314542e-07,6.623831e-10
9.673733e-09,0.9986754,6.193746e-05,0.0012182088,5.228783e-06,1.640602e-05,2.0156092e-05,2.5702816e-06
1.0295466e-09,0.9997576,0.00014269481,5.9105576e-05,3.5774053e-06,2.431877e-05,1.1696762e-05,1.0985057e-06
3.6997143e-08,4.2655538e-05,4.6931677e-06,0.99994826,4.782413e-07,7.918346e-07,1.5966785e-06,1.5944509e-06
4.143661e-06,0.016753111,0.0020323605,0.97997725,4.1390264e-05,0.00027348127,0.0008347583,8.350401e-05
1.6290057e-12,6.4657746e-09,0.9999999,2.8837627e-10,1.0441498e-08,2.3652445e-08,6.593128e-08,1.882486e-11
3.981414e-08,0.995706,0.00015597497,0.0039066738,1.9055846e-05,0.0001435665,5.2638916e-05,1.6054759e-05
2.1457047e-09,2.111161e-06,0.99996483,2.9885575e-07,1.923879e-06,9.096133e-06,2.169148e-05,2.1250726e-08
1.1063991e-10,0.9999728,4.1013814e-06,1.7859085e-05,4.4442294e-07,3.4006118e-06,1.0193239e-06,2.7700526e-07
0.000107521046,0.06834773,0.045829203,0.881554,0.0006665989,0.0007900461,0.0020238436,0.00068101106
4.4508712e-07,0.01603195,0.97653735,0.0045209737,0.00016793168,0.0025278253,0.00017951474,3.404069e-05
6.3406502e-09,0.9990478,0.0004091459,0.00018940576,0.00028432385,3.544491e-05,2.6302017e-05,7.428141e-06
3.681772e-09,0.9998671,2.9148447e-05,8.189007e-05,2.0553477e-06,1.2163483e-05,5.9124086e-06,1.7278655e-06
4.5706056e-10,0.999925,8.344091e-06,5.9848426e-05,8.852028e-07,3.0228105e-06,2.6428154e-06,2.2836146e-07
1.7509956e-08,0.9988223,0.00029172315,0.000716032,1.2177721e-05,0.00011744234,3.4258173e-05,6.0622688e-06
8.7102666e-07,0.6571025,0.012769322,0.32745627,0.00020815388,0.0014777187,0.0008310333,0.00015408508
4.8742205e-10,0.99993134,4.5856388e-05,1.0440401e-05,1.9663644e-06,5.518341e-06,4.434733e-06,4.8722666e-07
6.620562e-07,0.36226198,0.032538638,0.60368645,6.134627e-05,0.0011884173,0.00022252298,3.9939227e-05
8.088411e-08,0.011082694,0.9869739,0.00087578694,3.1485553e-05,0.0007443297,0.00029016242,1.5827682e-06
3.340019e-11,1.4637966e-10,0.9999999,1.1921808e-09,6.437423e-09,3.2271334e-08,1.7450644e-07,3.306286e-11
4.1921705e-10,0.9998398,5.2130064e-05,9.369766e-05,8.382575e-07,9.1525535e-06,4.042182e-06,3.2072936e-07
6.91113e-13,2.9248431e-10,1.0,6.015387e-12,2.3758329e-09,8.380704e-09,8.278185e-09,1.2180508e-12
2.765056e-12,2.2223732e-09,1.0,8.532765e-11,2.324252e-09,4.028147e-08,1.9492932e-08,7.645289e-12
3.612126e-11,7.7269306e-07,0.99999654,9.778716e-09,8.51761e-08,1.8826333e-06,6.780816e-07,4.295026e-10
5.397782e-10,0.99979407,1.8579183e-05,0.00017373789,1.4374875e-06,8.989619e-06,2.0914679e-06,1.247311e-06
7.683255e-08,0.41203278,0.0015792246,0.58620197,3.3431447e-06,0.00014655488,2.8945024e-05,7.025355e-06
1.8796962e-06,0.0019465094,0.99514353,0.0007495707,9.5893956e-05,0.0016944208,0.00035022636,1.8029576e-05
3.5023095e-07,0.0001381619,0.9547005,0.044631843,3.6737263e-05,0.00038126117,0.00010609285,5.0100493e-06
1.710542e-10,0.9999864,3.4091236e-06,5.4925813e-06,4.4156377e-07,1.8499976e-06,1.893945e-06,4.417154e-07
1.1979512e-08,0.99949515,4.7136542e-05,0.00040143207,1.1798193e-05,2.1461929e-05,1.9042833e-05,3.9152824e-06
5.142623e-12,1.4274905e-09,0.9999999,2.1043962e-10,6.3766876e-09,2.7778059e-08,9.192616e-08,9.82315e-12
7.072204e-12,9.739879e-09,0.99999964,3.7910672e-10,1.66311e-08,9.739123e-08,2.476641e-07,5.218321e-11
8.032628e-08,0.00046077892,0.9973929,0.0019405151,1.2869627e-05,0.00015532153,3.3533986e-05,3.9526917e-06
3.606365e-09,3.4632467e-07,0.99997675,3.519355e-07,2.1125115e-06,7.3106808e-06,1.2977865e-05,4.088342e-08
5.0482612e-08,0.76055884,0.22943594,0.008011279,6.384203e-05,0.0016334421,0.00028971586,6.8827067e-06
1.174716e-09,0.9996979,4.06027e-05,0.00024843842,1.9227145e-06,3.99844e-06,6.34895e-06,7.570276e-07
1.8483996e-07,0.943672,0.055227276,8.031816e-05,9.1240436e-05,0.00038643673,0.0005319488,1.0573296e-05
1.0092244e-11,9.2337336e-07,0.9999981,1.7035334e-09,6.593154e-08,2.9702247e-07,5.37809e-07,1.4454934e-10
7.7132796e-07,0.0034835911,0.0012574394,0.9950676,9.54492e-06,0.000113267204,4.841471e-05,1.9311909e-05
7.591346e-11,1.5166586e-07,0.9999988,1.07643086e-08,3.8865632e-08,9.338068e-07,1.7529554e-07,1.0706785e-09
3.978258e-10,0.99996686,1.4385761e-05,1.0060939e-05,2.6392563e-06,3.6368806e-06,1.5789898e-06,7.8396266e-07
2.4337576e-10,0.9999838,7.4974105e-06,5.1687425e-06,5.768687e-07,7.4680344e-07,2.2110517e-06,1.1974977e-07
1.6373457e-07,0.1928442,0.00052736833,0.8064651,4.7507983e-05,5.0069775e-05,5.476605e-05,1.0823227e-05
1.5024956e-08,0.98508656,0.00014590353,0.014625271,5.8387544e-05,4.6981615e-05,2.4952675e-05,1.1962656e-05
1.1497951e-07,0.8643514,0.0010569091,0.13402204,0.00021036522,0.00026144896,3.6797795e-05,6.0957784e-05
8.645611e-10,0.9998914,2.0403239e-05,7.4428586e-05,2.1095027e-06,6.6210628e-06,3.9557326e-06,1.0659878e-06
9.191659e-09,0.9970035,0.0001461114,0.0027873113,5.9310087e-06,4.003872e-05,1.1258395e-05,5.79138e-06
6.0381444e-12,1.7377257e-08,0.9999995,1.2897872e-09,2.7051735e-08,8.83696e-08,4.0045526e-07,8.671398e-11
2.391721e-07,0.103585795,0.8196222,0.07590907,4.9615308e-05,0.00054959016,0.00027777933,5.7261723e-06
2.9046564e-08,0.9981446,0.0010246516,0.00055869727,1.02527465e-05,0.00013883831,0.0001110105,1.1905548e-05
1.3422773e-09,0.9999043,2.0748323e-05,5.609858e-05,1.5693868e-06,4.8402608e-06,1.19581755e-05,4.3997437e-07
2.524703e-10,0.999962,8.068849e-06,2.6001018e-05,1.6869673e-07,1.8798108e-06,1.5790378e-06,3.1809114e-07
2.294961e-11,3.57126e-07,0.99999857,9.28424e-10,4.833023e-08,4.9948613e-07,6.387331e-07,3.8486492e-10
4.316645e-09,4.721821e-05,0.99991286,6.760291e-07,3.937912e-06,2.0740034e-05,1.43953175e-05,1.0217664e-07
2.7279576e-08,0.9933295,0.0020159755,0.0043966803,1.3197878e-05,0.00021162994,2.6598429e-05,6.438429e-06
3.6881337e-07,0.9333824,0.013979401,0.051900286,6.343952e-05,0.00047056298,0.00018587429,1.7736156e-05
0.00014682984,0.28385884,0.008176202,0.69814223,0.0016229374,0.004324897,0.002603803,0.0011243223
4.153092e-08,0.9598457,0.0008576577,0.0391581,1.2001578e-05,5.4971e-05,6.178817e-05,9.796794e-06
2.0736973e-11,1.5654551e-07,0.99999905,6.664567e-09,6.6516556e-08,1.6001461e-07,5.119798e-07,5.4072363e-10
9.026631e-11,0.9999819,1.1351412e-05,4.4812095e-06,5.290183e-07,8.28358e-07,6.829709e-07,2.679789e-07
3.1243266e-10,0.999627,3.649702e-05,0.00032747196,1.0459088e-06,3.1010334e-06,4.1249336e-06,7.5183914e-07
4.3220265e-08,0.8316824,0.00036850813,0.16770653,4.8711314e-05,0.00010610155,7.5795324e-05,1.1912929e-05
1.6039721e-10,0.9999883,5.5477253e-06,1.8436167e-06,2.2139851e-07,2.1556466e-06,1.7148315e-06,1.6223215e-07
6.910787e-07,0.96656626,0.0015392387,0.030863408,0.0005328951,0.0001615261,0.0002122682,0.00012364751
2.646631e-10,0.9999192,7.915749e-06,5.8503527e-05,3.8918637e-07,1.1870805e-05,1.6709455e-06,3.7508335e-07
9.479407e-10,0.9999584,6.147843e-06,2.7358697e-05,4.952197e-07,1.0380323e-06,6.0166126e-06,5.2357973e-07
1.9187479e-07,0.0043452964,0.0001253914,0.9954881,5.0425665e-06,9.99477e-06,1.8627406e-05,7.3853575e-06
6.1411197e-07,0.066741414,0.00078636664,0.9322222,2.0154295e-05,0.00012215429,8.744164e-05,1.971425e-05
1.438641e-07,0.0024178883,1.09235825e-05,0.99754983,1.7801146e-06,7.955583e-06,6.412261e-06,5.0648496e-06
5.1561958e-12,4.4191612e-08,0.99999976,2.0341842e-10,4.4359922e-08,1.0791851e-07,9.3198516e-08,9.253839e-11
1.1716071e-09,0.9998976,4.875273e-05,3.3497545e-05,3.8316134e-06,8.847359e-06,6.5953095e-06,9.533902e-07
8.389841e-09,0.99601835,0.00026188133,0.003662047,9.043298e-06,3.8095863e-05,7.129169e-06,3.439553e-06
8.282139e-07,0.99317753,0.0041994546,0.0011879746,0.0003667368,0.00039001345,0.00058287283,9.460575e-05
3.794087e-07,0.06341963,0.00483221,0.9313445,3.33988e-05,0.00027912488,7.267671e-05,1.8149627e-05
1.1228403e-12,3.74999e-10,1.0,2.9161853e-11,3.0387655e-09,1.1908089e-08,2.0709987e-08,4.1889612e-12
9.586187e-09,0.9998241,3.365056e-05,2.661613e-05,2.22288e-06,7.5479707e-06,0.000104124396,1.8001018e-06
8.086844e-09,0.99637383,9.8269134e-05,0.0034788006,3.3406802e-06,2.6089461e-05,1.8704925e-05,9.033623e-07
1.919399e-10,0.99998057,6.7746805e-06,5.848862e-06,1.471486e-06,3.3147774e-06,1.396763e-06,5.678026e-07
2.876455e-08,0.9986051,0.00052554655,0.0006135838,0.00012280475,7.388843e-05,5.0081446e-05,9.014295e-06
8.846788e-09,0.9990121,0.00036754226,0.00045434196,2.1677456e-06,0.000118234755,4.4123623e-05,1.4526779e-06
2.0909241e-11,0.9999943,2.6866123e-06,8.8619663e-07,1.1811977e-07,1.2519432e-06,5.2815375e-07,1.2941977e-07
9.1607696e-08,0.71576995,0.26696625,0.015418706,0.00014681435,0.0014795242,0.00019021488,2.8428056e-05
5.358335e-10,0.9999627,3.436429e-06,2.820201e-05,1.0267127e-06,2.4329756e-06,1.3226812e-06,8.361639e-07
1.3393182e-10,1.603188e-06,0.9999943,4.9242843e-08,3.0908285e-07,1.2706862e-06,2.365121e-06,3.3035543e-09
1.0958118e-09,0.9998653,6.6843044e-05,3.8148435e-05,7.2774037e-06,8.8341985e-06,1.1216283e-05,2.4020128e-06
1.368998e-07,0.06912761,6.362733e-05,0.93072885,5.1170164e-06,2.730204e-05,4.024266e-05,7.1544173e-06
5.0296826e-06,0.9934703,0.0011222805,0.0045538503,6.873407e-05,0.00023112778,0.000441508,0.000107166285
5.218008e-07,0.9475955,0.0023663186,0.049223915,0.00013413595,0.00042973305,0.00014162797,0.000108214146
5.222374e-11,0.9999883,4.4001786e-06,5.3221656e-06,2.9844037e-07,6.536198e-07,9.378023e-07,1.1414827e-07
6.30893e-10,0.9998348,6.395909e-05,7.134901e-05,3.496905e-06,2.0338168e-05,4.7701674e-06,1.262966e-06
6.423595e-07,0.06396634,0.0003835589,0.93547934,2.3130964e-05,7.575308e-05,5.7355428e-05,1.3834184e-05
3.8577314e-12,0.99999917,3.272262e-07,1.2851064e-07,3.603278e-08,1.0868833e-07,2.4754922e-07,2.3492683e-08
1.2610752e-09,0.999845,1.0686035e-05,0.0001307377,1.1835386e-06,3.9211645e-06,7.1894083e-06,1.1618663e-06
4.3995623e-08,0.028654989,0.0002473662,0.9710401,6.7224555e-06,2.7691904e-05,9.1346255e-06,1.394737e-05
4.5454396e-08,0.9789621,0.0021982074,0.017898744,0.0002862719,0.000429983,0.00018947058,3.5166184e-05
2.3246322e-10,0.9999504,3.187674e-05,1.118597e-05,6.7350163e-07,3.4997986e-06,2.2610495e-06,1.9045892e-07
6.421167e-08,0.98089397,0.001018983,0.017740313,1.907154e-05,0.00024365635,6.9929985e-05,1.4038996e-05
2.5273638e-07,0.00043281962,0.99267995,0.0061650537,2.9163672e-05,0.0005361998,0.0001489,7.720031e-06
2.1157034e-12,5.6838323e-10,1.0,3.9456813e-11,2.454567e-09,1.652483e-08,1.5672155e-08,6.037721e-12
1.2603942e-09,7.721459e-06,0.99998,9.579041e-08,1.003105e-06,8.688079e-06,2.472645e-06,2.5094025e-08
8.656594e-06,0.25822464,0.008002378,0.73120564,0.00023886142,0.001114805,0.00086982996,0.00033521678
6.685352e-07,0.9660045,0.01018102,0.021304809,0.00010120096,0.0019283025,0.00044970162,2.9768611e-05
2.8123635e-09,0.99602425,2.8456914e-05,0.003915398,1.1021565e-06,2.457209e-05,5.0749363e-06,1.1195364e-06
8.516171e-09,0.9991609,0.0001283583,0.0006144059,5.3649e-06,6.2532024e-05,1.9911458e-05,8.504261e-06
7.149705e-09,0.99674594,0.0013477003,0.0017484586,8.935551e-06,0.00010759625,3.8698872e-05,2.5931524e-06
6.9915757e-10,0.99990785,1.7020646e-05,4.7781446e-05,9.688878e-07,6.418904e-06,1.906269e-05,8.0812674e-07
4.1453424e-07,0.44847503,0.001820766,0.54925936,3.6588313e-05,0.00014412754,0.00017842071,8.522889e-05
1.5973521e-08,0.998106,0.0014955834,7.483178e-05,3.3844422e-05,0.0001755694,0.00011008102,4.1041853e-06
4.6098214e-09,0.9996216,0.00022899835,0.0001031169,4.5298325e-06,2.299445e-05,1.4570778e-05,4.1724484e-06
2.4230902e-09,0.9998135,9.974477e-05,5.639515e-05,3.9231127e-06,1.6317941e-05,8.6135105e-06,1.5182262e-06
5.6388765e-09,0.99976236,4.4355802e-05,0.00016541447,3.1858392e-06,6.595568e-06,8.455222e-06,9.650681e-06
7.1940284e-12,0.99999845,4.954695e-07,6.940109e-07,1.535828e-08,8.501995e-08,2.1541037e-07,1.2982001e-08
6.7148626e-08,0.24527858,0.7449364,0.0082905525,9.667388e-05,0.001020668,0.0003617469,1.5383335e-05
2.4979049e-12,3.2011567e-09,0.99999976,2.2473687e-09,3.357222e-09,8.317739e-08,8.1308265e-08,2.8158895e-11
5.960997e-10,0.9999112,1.244766e-05,6.9010544e-05,6.618198e-07,2.5345598e-06,3.7957573e-06,3.8210592e-07
2.8584612e-11,9.443891e-09,0.9999999,2.619323e-10,3.792041e-08,1.17327694e-07,4.4108926e-08,8.960545e-11
5.7935687e-09,0.9998828,3.7270747e-05,4.1209423e-05,3.3402448e-06,8.6145765e-06,2.4083249e-05,2.598016e-06
1.2556721e-08,0.9990188,0.00026852437,0.0006592122,4.9717537e-06,2.7829296e-05,1.8617735e-05,2.0092682e-06
1.6212006e-09,0.9998876,1.039712e-05,8.833911e-05,2.2831448e-06,4.146636e-06,6.3763828e-06,8.0414804e-07
1.8172165e-09,0.999887,8.513851e-06,8.766129e-05,6.573804e-07,4.2121906e-06,1.1124602e-05,8.944901e-07
3.3900992e-08,0.9982886,0.00084723445,0.0005989708,9.615611e-05,0.00010996149,3.9587532e-05,1.9478912e-05
1.4817618e-11,3.049115e-07,0.9999993,7.3598416e-10,3.9791196e-08,1.9518728e-07,2.7827002e-07,1.9874519e-10
5.402836e-06,0.034749042,0.9430639,0.019756405,5.302134e-05,0.0014351134,0.0009139725,2.30848e-05
1.1833245e-09,0.99981064,0.00010312528,6.6803965e-05,2.4557892e-06,1.060236e-05,5.207227e-06,1.1000778e-06
1.816379e-09,0.999308,0.00018063058,0.00046934787,1.4777519e-06,3.109239e-05,8.552437e-06,9.027348e-07
1.5018559e-08,0.99859506,0.0010370419,0.000113840026,5.8400543e-05,0.00013004585,5.9925038e-05,5.7356597e-06
3.4177112e-09,0.9992778,0.00015634441,0.0005228735,9.37249e-06,2.1138785e-05,9.38811e-06,3.1589454e-06
1.0177117e-12,3.5258836e-09,1.0,2.5452796e-11,5.141621e-09,1.9827791e-08,5.2104042e-08,4.683787e-12
8.769392e-09,1.6022852e-05,0.9999082,5.404289e-07,8.016872e-06,2.236772e-05,4.4803517e-05,8.034766e-08
1.1785012e-09,5.42077e-07,0.99999094,6.062489e-08,1.0889655e-06,4.3013024e-06,3.1511195e-06,1.9598819e-08
1.0040601e-09,0.99992895,1.5016129e-05,4.1632622e-05,3.7552068e-06,4.0451646e-06,4.9700743e-06,1.6102221e-06
7.2423574e-11,4.754882e-08,0.99999857,2.2210649e-09,2.5857121e-08,9.467271e-07,5.119874e-07,2.702868e-10
9.628873e-10,6.873018e-08,0.9999875,6.564324e-08,1.2553569e-07,7.7542035e-07,1.1457768e-05,2.820389e-09
2.2755403e-07,0.42054653,0.18470144,0.39013276,8.869088e-05,0.0040476746,0.000436159,4.6472716e-05
7.5220035e-09,0.9999385,6.6165835e-06,2.2930493e-05,9.292144e-06,4.2523993e-06,1.623098e-05,2.0815853e-06
7.8064015e-13,4.1610724e-09,1.0,1.5867377e-10,2.4563045e-09,2.1823595e-08,4.6139878e-08,7.658249e-12
4.2485744e-09,0.99948275,1.9743844e-05,0.00047759517,3.362619e-06,6.5705167e-06,5.908952e-06,3.966379e-06
5.698063e-08,8.637758e-06,0.99986935,5.624637e-06,2.6944474e-05,2.5069066e-05,6.405274e-05,2.750642e-07
1.08610655e-11,2.4229e-08,0.9999995,5.490945e-10,5.6232448e-08,1.3014166e-07,3.0820175e-07,9.558663e-11
2.7690412e-08,0.72262746,0.27379194,0.0015801119,2.9622535e-05,0.0018493165,0.00011900303,2.423241e-06
6.206823e-09,0.9992342,3.5859088e-05,0.00069657236,3.4015502e-06,1.2869799e-05,1.3686667e-05,3.4035977e-06
3.9565694e-07,0.0036524776,0.363138,0.632348,5.7323577e-05,0.0006752906,0.000121202385,7.3305073e-06
2.6412524e-08,0.9992212,0.0005568402,3.819279e-05,7.237712e-06,3.3462627e-05,0.0001389161,4.143469e-06
3.958864e-06,0.001605911,0.99563867,0.0016297,5.2297564e-05,0.00059535354,0.0004646669,9.45599e-06
6.415458e-10,0.00051820965,0.9994418,7.304223e-07,3.05478e-07,3.5391287e-05,3.4856105e-06,2.9080319e-08
1.1916023e-08,0.9989729,6.538366e-05,0.0009003497,6.623641e-06,2.2811946e-05,2.6552845e-05,5.2873484e-06
1.5057785e-07,0.8218173,0.009297616,0.16784637,0.000110264074,0.00060509535,0.0002661624,5.7127596e-05
9.556768e-07,0.25656018,0.01403527,0.0018105692,0.00010423299,0.7267385,0.00065906247,9.1321606e-05
2.8633202e-08,0.9888976,0.009323925,0.0013987933,1.2443997e-05,0.00023842217,0.00012464992,4.1385338e-06
1.3632116e-06,0.010720963,0.9846688,0.002239993,0.00010313926,0.0017316779,0.0005122803,2.1899175e-05
1.6948966e-09,0.9996055,0.00017836792,0.00017927655,6.589498e-06,1.5534893e-05,1.3666314e-05,1.186618e-06
1.1196151e-07,0.9961366,0.000121015466,0.0035479595,2.1900669e-05,6.199709e-05,6.8768466e-05,4.1546657e-05
3.9326687e-06,0.8829443,0.0037194525,0.111173555,0.0007364815,0.0005505462,0.0005664523,0.00030524546
2.223276e-06,0.08631927,0.0023989456,0.9105193,8.8638204e-05,0.00039105336,0.00017365892,0.00010693623
4.276664e-07,0.09160238,0.9031924,0.0018618308,0.00015023166,0.0028843766,0.00029622304,1.2208524e-05
5.500249e-09,0.99940336,0.0001915745,0.00029825346,1.002748e-05,7.381404e-05,1.9703679e-05,3.125744e-06
1.7060937e-10,7.123526e-08,0.9999975,8.394905e-09,3.7776157e-08,8.953606e-07,1.5316199e-06,1.5135983e-10
2.3659582e-06,0.43038538,0.007851666,0.55788743,0.00016303228,0.001669027,0.0019005453,0.00014060267
2.769332e-09,0.9997013,1.4702582e-05,0.00024360076,6.4216188e-06,2.491685e-05,6.680433e-06,2.3842206e-06
3.4479558e-11,2.9873188e-06,0.99999416,6.353915e-08,5.700525e-08,2.1198723e-06,7.446527e-07,1.0819067e-09
1.7010633e-06,0.99330187,0.0005445306,0.0051991837,4.6273246e-05,0.00021002683,0.00063216453,6.4221866e-05
1.1578598e-11,6.555342e-08,0.99999917,2.8675704e-09,1.8703725e-08,1.5220246e-07,5.717167e-07,2.2679017e-10
2.2836337e-08,0.99982136,2.5694999e-05,8.766022e-05,1.875043e-05,1.10524725e-05,2.427157e-05,1.1129644e-05
1.0568254e-09,0.99994564,2.401039e-05,1.8595738e-05,4.8443817e-06,3.3966821e-06,1.8245171e-06,1.8101061e-06
2.7596422e-10,0.9994012,0.0005729076,7.340066e-06,2.0537161e-06,1.0273195e-05,5.827206e-06,3.5785163e-07
6.945596e-11,2.125328e-08,0.99999917,7.428484e-09,3.824361e-08,2.4711238e-07,6.3381907e-07,3.1280664e-10
1.7110899e-09,0.9994461,0.00045114942,4.78267e-05,2.2113934e-06,2.8510378e-05,2.3463004e-05,7.7180465e-07
1.0360379e-07,0.9774046,0.00013813062,0.022299724,1.1611797e-05,7.300078e-05,4.842002e-05,2.437146e-05
2.2987902e-11,1.5136371e-07,0.9999987,9.666508e-09,1.843887e-08,6.1788467e-07,5.1853317e-07,4.4265927e-10
1.5150759e-07,0.0016408459,0.00016513503,0.9981505,2.7523595e-06,2.9419403e-05,8.16547e-06,2.985385e-06
2.4271673e-08,0.9958532,0.0012801678,0.0024906823,8.386135e-06,0.00027583766,8.557464e-05,6.121944e-06
4.8566756e-07,0.22677326,0.733353,0.03517252,5.0344337e-05,0.0043691164,0.00024957967,3.168583e-05
2.090139e-09,0.99980456,3.2824384e-05,0.00014448102,2.3909906e-06,7.870312e-06,5.861809e-06,2.0082362e-06
1.055955e-06,0.07546797,0.015775673,0.90772253,9.30175e-05,0.0007537637,0.00014047715,4.545818e-05
4.0327014e-10,0.99995995,7.123918e-06,2.5181564e-05,4.5671382e-07,4.199105e-06,2.6657226e-06,4.371005e-07
9.746035e-12,2.9397452e-08,0.99999976,2.4490843e-10,2.284638e-08,1.04111955e-07,6.3799995e-08,6.9232474e-11
1.610233e-08,0.00091945805,0.99090517,0.007946743,8.115945e-06,0.00019216232,2.7367607e-05,8.899424e-07
1.562509e-09,0.9994764,0.00013953999,0.00034843286,2.5003317e-06,2.4437386e-05,7.762989e-06,1.0709202e-06
8.405785e-10,0.00025629942,0.99971384,6.849564e-07,1.9265374e-06,1.7625156e-05,9.528092e-06,4.443843e-08
9.698427e-10,0.99988735,5.2636587e-06,9.1274276e-05,6.075065e-07,5.7874413e-06,9.055209e-06,6.7383564e-07
4.0131036e-09,0.95897895,0.0408372,3.983089e-05,1.1996435e-05,8.8166154e-05,4.3264114e-05,6.696156e-07
2.5120386e-09,0.99989367,4.478527e-05,4.3298467e-05,1.393717e-06,7.0026144e-06,8.356093e-06,1.4568718e-06
2.9630653e-09,0.9998222,1.4704164e-05,0.00014702404,3.117213e-06,3.5645248e-06,7.353207e-06,2.1320222e-06
4.925785e-12,3.3610983e-09,0.99999976,9.594397e-10,1.1233993e-08,1.0470279e-07,1.4207433e-07,5.991434e-11
2.7843344e-06,0.019470258,0.0027172705,0.97710276,6.6560715e-05,0.00031238553,0.0002832846,4.4589648e-05
2.1220263e-10,5.4596967e-06,0.99998856,3.739837e-08,1.5149027e-07,4.1798794e-06,1.6790038e-06,2.6982476e-09
1.3150275e-09,0.0001542139,0.9998258,1.3835119e-06,4.2742113e-06,2.8235972e-06,1.1477524e-05,5.6047195e-08
5.531057e-09,0.9981108,9.0717425e-05,0.0017167197,4.839349e-06,3.7063393e-05,3.3475462e-05,6.5176046e-06
4.6773867e-08,0.9976548,0.00012413113,0.0020926544,2.3995877e-05,5.4458356e-05,3.0131574e-05,1.9776946e-05
1.0330089e-09,0.9997732,0.0001931551,1.4133018e-05,2.6847074e-06,8.773307e-06,7.4847803e-06,5.73129e-07
1.6706848e-11,6.023762e-07,0.99999833,1.0651017e-08,4.852863e-08,7.482836e-07,3.3323624e-07,8.051714e-10
2.56863e-11,5.83725e-10,0.9999999,5.180254e-10,1.0633881e-08,4.7799762e-08,8.826368e-08,2.2512192e-11
5.0108813e-11,3.65493e-08,0.9999994,1.3961093e-09,2.9749868e-08,3.9148955e-07,1.339442e-07,2.9000938e-10
4.4880554e-08,0.014459836,0.98406535,0.0012290591,1.9633893e-05,0.0001504392,7.4539515e-05,1.1111016e-06
6.428447e-11,0.99994826,2.0527026e-05,2.5765597e-05,5.552566e-07,3.9811753e-06,6.525522e-07,3.4590153e-07
7.266838e-12,1.2460274e-08,0.9999995,1.495603e-09,1.7864968e-08,1.2081146e-07,3.4820337e-07,6.0473106e-11
4.3255113e-10,4.216934e-08,0.9999988,1.4744333e-08,1.1284207e-07,4.908958e-07,4.3042354e-07,5.592217e-10
1.6783389e-06,0.0071107647,0.0008526573,0.9917493,4.5383244e-05,3.890908e-05,0.00017902923,2.2368378e-05
1.2048713e-11,1.0413708e-09,0.9999999,1.8934049e-10,1.3553757e-08,5.611408e-08,6.833836e-08,1.0984925e-11
2.6849632e-08,0.9940441,0.004283695,0.001388885,1.42155695e-05,0.00014531291,0.000119391014,4.431339e-06
8.62558e-09,0.9963515,0.0003122452,0.0032357285,1.7366496e-05,5.400902e-05,2.179778e-05,7.2578414e-06
5.1594718e-11,0.9999783,2.1683218e-06,1.684487e-05,1.6868371e-07,7.0664214e-07,1.5240939e-06,3.0190375e-07
1.2441375e-12,8.696538e-09,1.0,1.10625814e-10,6.5184516e-09,4.263702e-08,2.413492e-08,1.329052e-11
2.6180763e-10,0.9999739,4.232131e-06,1.826941e-05,2.212942e-07,1.6872924e-06,1.3200912e-06,4.5786103e-07
4.086784e-12,1.9881747e-09,1.0,1.5624863e-10,4.351245e-09,2.5995522e-08,2.9416473e-08,1.1174462e-11
2.3365973e-10,0.9999784,8.747443e-06,1.0236359e-05,5.982788e-07,1.0016284e-06,7.8169023e-07,2.3920552e-07
3.5054736e-08,0.0005122073,2.128463e-05,0.9994547,8.654863e-07,6.8923896e-06,9.980553e-07,2.970184e-06
1.0033885e-08,0.9994579,0.0003289583,0.00012571458,1.4377875e-05,4.0634357e-05,2.8628581e-05,3.7510365e-06
6.0111494e-10,0.99995804,6.191109e-06,2.3150784e-05,1.2021245e-06,6.1806377e-06,4.717792e-06,4.541071e-07
8.1285995e-10,0.99989855,2.517481e-05,5.6685254e-05,2.1354165e-06,1.0351791e-05,5.1966267e-06,1.8847446e-06
3.1534506e-09,0.99970394,6.430905e-05,0.00018575693,3.844442e-06,3.0166239e-05,9.129701e-06,2.717575e-06
4.6645095e-08,0.00019042638,3.621601e-05,0.9997646,7.6212865e-07,2.5148556e-06,4.8314964e-06,5.5390547e-07
9.862655e-09,0.9989942,8.927161e-05,0.00081446185,7.145479e-06,6.337294e-05,2.7597884e-05,4.009822e-06
1.9784453e-07,0.016049366,0.00048235973,0.9833507,6.7540263e-06,3.9673556e-05,6.237652e-05,8.591045e-06
1.2080423e-08,0.9968315,0.00037933345,0.0026388576,7.353886e-06,9.0216694e-05,4.83008e-05,4.419535e-06
3.7154052e-07,0.003384077,0.0005988063,0.9958287,6.47288e-06,0.00013420264,3.637079e-05,1.1041729e-05
8.878626e-06,0.9057254,0.001964523,0.090238854,0.00016547131,0.00029721332,0.001427706,0.00017190236
1.2233565e-07,0.2642675,0.0008477977,0.73465204,1.264261e-05,0.0001422892,6.633414e-05,1.1299707e-05
1.6077819e-09,0.99963284,0.00016032049,0.00014431948,1.05807785e-05,3.1383584e-05,2.0016043e-05,5.5272966e-07
6.536785e-10,0.9998909,1.8490035e-05,7.865009e-05,9.823997e-07,7.0212127e-06,3.100548e-06,8.2231435e-07
1.7036483e-06,0.0013721104,0.0009404717,0.9975569,1.2526653e-05,5.9301005e-05,5.010069e-05,6.8238996e-06
4.7338104e-05,0.0055422974,0.0022582067,0.9913721,8.9947665e-05,0.00014012126,0.00042784,0.00012218763
6.75623e-06,0.0042709694,0.00042899797,0.9950589,1.4593444e-05,7.5691416e-05,9.6415526e-05,4.7850288e-05
4.82264e-07,0.07366203,0.002549281,0.92323965,2.4080033e-05,0.00025281243,0.00024067945,3.104569e-05
6.492452e-07,0.05069475,0.0005925098,0.94851995,3.206545e-05,8.116509e-05,4.7030517e-05,3.1907497e-05
3.805282e-10,0.9999083,5.9197646e-05,1.0307582e-05,1.8570613e-06,6.694886e-06,1.3040284e-05,5.657612e-07
6.0646754e-10,0.9999273,7.46222e-06,5.2105e-05,6.772385e-07,7.5721537e-06,4.588085e-06,2.5307781e-07
6.145056e-09,0.9991054,0.00021188005,0.0005251932,7.0944766e-06,0.00012254002,2.1770156e-05,6.0815696e-06
3.852063e-09,0.9989988,0.0006330377,0.00021827527,7.7678105e-06,9.437777e-05,4.5466684e-05,2.3246716e-06
5.192564e-10,0.9998863,5.728113e-05,4.067822e-05,1.3536434e-06,8.031373e-06,6.028584e-06,3.7128473e-07
3.3786414e-08,0.009164851,0.000524768,0.9902705,8.145287e-06,5.7859734e-06,2.2368748e-05,3.4868453e-06
1.7181669e-06,0.00047301062,9.95265e-05,0.99936634,2.082264e-06,2.6260666e-05,2.7554373e-05,3.4653551e-06
3.7668138e-10,0.9999292,3.216752e-05,1.9296935e-05,2.3948558e-06,1.2465466e-05,3.567144e-06,8.862911e-07
1.2797597e-08,0.9979526,0.00035805887,0.0014225006,1.0312901e-05,0.00018746438,6.0343173e-05,8.660481e-06
1.7246441e-09,0.9996953,1.8678348e-06,0.0002891572,1.3017162e-06,4.7427134e-06,6.813471e-06,8.4217055e-07
1.1431226e-09,0.99993336,8.124738e-06,4.5371064e-05,1.7092253e-06,3.5828898e-06,7.068237e-06,7.4985155e-07
1.3464951e-06,0.01135382,0.00032030029,0.98818165,3.937173e-06,7.779854e-05,5.0188184e-05,1.0937395e-05
2.0303796e-08,0.9990503,0.0004967183,0.00029443888,1.8124023e-05,0.00011203834,2.278425e-05,5.5477676e-06
3.765687e-09,0.99961805,2.830401e-05,0.00032676058,4.420155e-06,1.3142205e-05,7.127081e-06,2.236286e-06
3.8019987e-09,0.9998191,1.465129e-05,0.00014714141,1.9432005e-06,5.7963807e-06,1.0355116e-05,9.622283e-07
6.7542135e-07,0.7047426,0.002699642,0.2914279,0.00019074397,0.0004915855,0.0003748303,7.2031246e-05
3.9184886e-07,0.9993882,0.00019156499,0.000121392775,1.6337606e-05,0.00012512085,0.0001184539,3.850582e-05
3.769269e-09,0.99809116,0.0015496383,0.00022148433,4.73262e-06,9.306444e-05,3.8739276e-05,1.1619305e-06
5.879626e-11,1.15851755e-08,0.99999905,1.8232601e-09,2.887324e-08,4.339257e-07,4.2291242e-07,2.1713442e-10
1.7532484e-10,4.314927e-06,0.9999901,7.2006657e-07,1.3135278e-07,2.44612e-06,2.2296488e-06,4.503913e-09
2.5024347e-09,0.9987552,1.5302112e-05,0.0012090765,2.3481168e-06,1.0375237e-05,6.0588272e-06,1.6746812e-06
3.1237133e-07,0.9306221,0.0006182809,0.06778586,3.144696e-05,0.0006838866,0.00015557423,0.00010247967
2.7312574e-10,6.0169094e-07,0.999995,4.777467e-07,7.728868e-08,1.8346698e-06,1.9712666e-06,1.3264356e-09
2.5809388e-10,0.9999409,1.0961247e-05,4.249509e-05,8.580912e-07,2.595022e-06,1.8943626e-06,3.1814238e-07
6.43446e-07,0.9937218,0.001407532,0.0041544954,7.2769166e-05,0.0001941942,0.0003940585,5.45475e-05
1.9848116e-09,0.99993205,1.150475e-05,3.453755e-05,1.9295949e-06,1.2426772e-05,4.7063004e-06,2.8910983e-06
7.6297795e-09,0.9993813,0.00033707474,0.00022524451,5.5536025e-06,2.193156e-05,2.6389776e-05,2.3919622e-06
9.511105e-09,0.999131,6.0460425e-05,0.00074388337,3.404691e-06,2.3565719e-05,3.268358e-05,4.885909e-06
3.7496688e-05,0.009702287,0.0035002476,0.9858752,0.00010603841,0.0001333286,0.00052205066,0.00012338738
2.4375066e-09,0.9994055,3.033049e-05,0.00052687596,2.3101136e-06,2.5788133e-05,6.619038e-06,2.527142e-06
6.020411e-07,0.9396476,0.0076848953,0.05105793,0.00036261775,0.000847659,0.00036544105,3.3327487e-05
2.9155663e-08,0.99163496,0.00040719536,0.007739029,5.0857884e-06,0.00014404362,6.6845154e-05,2.815969e-06
5.3578217e-09,0.9995784,3.1685824e-05,0.00034794695,6.4801866e-06,1.3503704e-05,1.692454e-05,5.082085e-06
6.5331307e-10,0.99988675,8.554041e-05,1.7930553e-05,2.83892e-06,3.556083e-06,3.0541605e-06,2.5502786e-07
6.878202e-09,0.9982753,0.0007874682,0.00077049294,1.4841489e-05,0.00012587925,2.1991542e-05,3.9937554e-06
7.941633e-08,0.9838755,0.00034894104,0.015598914,2.1088508e-05,7.466336e-05,6.55028e-05,1.5284239e-05
1.507061e-12,4.3525556e-09,0.99999976,3.023996e-10,1.8558881e-09,6.752556e-08,1.1887622e-07,1.7597607e-11
5.7732708e-09,0.9993793,7.7747674e-05,0.00047853275,3.5829883e-06,4.371422e-05,1.4367137e-05,2.7559606e-06
6.844045e-08,7.862816e-05,2.0654617e-05,0.9998963,7.8596145e-07,9.1491046e-07,2.2385602e-06,5.074273e-07
9.610055e-10,0.9995285,0.00035422927,5.36678e-05,7.791565e-06,4.054289e-05,1.4039163e-05,1.276629e-06
5.2899023e-09,0.00022314842,0.9996362,2.2395312e-05,6.2378776e-06,7.6343465e-05,3.553275e-05,2.2461896e-07
1.417964e-11,6.1202093e-10,0.99999976,3.0365788e-10,2.9701106e-09,6.4907994e-08,6.220663e-08,3.6355415e-11
8.501792e-12,3.632995e-08,0.9999995,1.6474241e-09,1.1520662e-08,2.2172217e-07,1.8146675e-07,1.2011772e-10
8.762938e-11,7.8414183e-07,0.999997,1.0941166e-08,7.875732e-08,1.0811431e-06,9.663607e-07,1.1394902e-09
7.8981185e-13,2.8238742e-09,0.9999999,1.0040886e-10,7.9132395e-10,1.2941154e-08,6.356957e-08,3.871784e-12
1.5041474e-09,0.9995509,8.348764e-05,0.00033125316,2.4098445e-06,1.9778152e-05,1.0082193e-05,2.046291e-06
2.181022e-08,0.99257857,0.0001869472,0.007139096,1.7336508e-05,5.049613e-05,1.796276e-05,9.594841e-06
1.2005762e-08,0.00020121637,0.9997155,3.3500244e-06,3.9517154e-06,3.1184223e-05,4.4483688e-05,3.1241967e-07
2.3351814e-09,0.999635,4.806553e-05,0.00028282942,1.8924002e-06,1.8193317e-05,1.1369658e-05,2.5827417e-06
7.306742e-12,1.3555099e-08,0.99999976,1.7233039e-10,7.559328e-09,1.09219776e-07,1.1386124e-07,2.663779e-11
1.442184e-06,0.9975924,0.00035101053,0.0011990925,5.163894e-05,0.0003182252,0.0004289697,5.7205667e-05
5.2186515e-08,0.00080728997,0.00021871823,0.99894625,2.184491e-06,4.466986e-06,1.9531806e-05,1.541016e-06
1.028648e-09,0.99971586,0.00020002371,5.425691e-05,4.2297556e-06,2.0201716e-05,4.432518e-06,8.8767183e-07
4.276203e-07,0.7809065,0.0587498,0.15598336,0.00023400522,0.0034849255,0.0005864382,5.4440876e-05
3.4977707e-09,0.99981683,1.8463943e-05,0.00012913885,3.0627755e-06,1.3957122e-05,1.6313357e-05,2.2051952e-06
1.1990943e-09,0.99986935,3.416622e-05,7.515246e-05,3.0731128e-06,8.241192e-06,9.241261e-06,7.8548237e-07
2.1339797e-06,0.99009097,0.0032978882,0.0053882543,8.263183e-05,0.00017693371,0.00088652875,7.471175e-05
1.5300556e-07,0.99839467,0.00022420153,0.001249896,4.254841e-06,3.7928334e-05,8.189521e-05,6.9743087e-06
1.38442e-06,0.9961767,0.00013483952,0.0024111338,4.157215e-05,0.00087587914,0.00019819633,0.00016027484
5.3174474e-12,3.519572e-10,0.9999999,2.0799189e-10,5.4408456e-09,2.1256499e-08,1.2799421e-07,9.823563e-12
1.5375024e-07,0.023700658,0.0009553988,0.9752167,7.183129e-06,4.9957474e-05,6.716777e-05,2.7983874e-06
5.2864713e-12,2.801968e-09,0.99999976,3.9404482e-10,5.0545643e-09,6.759579e-08,9.422915e-08,1.6365742e-11
4.6750173e-09,0.9998981,1.3871667e-05,5.4439413e-05,5.625265e-06,1.29372775e-05,1.32274645e-05,1.6480137e-06
8.094536e-10,0.9999087,4.2171537e-06,7.928628e-05,8.4753964e-07,4.090525e-06,2.488574e-06,4.47686e-07
6.471018e-13,8.515181e-09,0.9999999,1.371576e-10,2.4719975e-09,3.639759e-08,7.969701e-08,1.0535406e-11
1.7977935e-07,0.004900619,8.605223e-05,0.9949758,4.3653813e-06,1.0552569e-05,2.0422302e-05,2.0062541e-06
8.468503e-12,2.2981688e-08,0.99999964,1.9447757e-09,3.2557455e-08,7.571697e-08,2.7637861e-07,1.1788436e-10
1.3796505e-12,1.0654747e-09,0.9999999,1.3822728e-10,2.2642652e-09,4.1566956e-08,6.676676e-08,6.7965147e-12
3.3874797e-12,1.0931599e-08,0.9999995,1.7899203e-09,1.1978084e-08,1.7951447e-07,2.3218318e-07,1.0452862e-10
1.3211831e-08,0.00011216918,1.5715594e-05,0.99986804,8.5507327e-07,1.7324294e-06,1.0663176e-06,4.0433733e-07
2.6540536e-09,0.9997744,6.5072876e-05,0.00013802505,2.0550397e-06,1.56061e-05,4.1144576e-06,7.100923e-07
2.7681791e-12,2.6042365e-08,0.99999976,1.5792975e-10,9.5717185e-09,1.1655194e-07,8.8540524e-08,3.8179366e-11
1.08514985e-11,5.827818e-09,0.9999995,7.6816303e-10,5.5540417e-09,1.7863735e-07,2.0578904e-07,2.7975322e-11
4.6636575e-12,8.992314e-09,0.99999976,3.2107308e-10,6.936723e-09,9.520633e-08,6.0629006e-08,2.7757994e-11
3.424728e-06,0.07507784,0.0056700953,0.9178734,6.973867e-05,0.0006521769,0.00048098856,0.00017249215
4.6686106e-11,3.2993395e-07,0.99999833,1.4721985e-08,7.8444096e-08,6.7235305e-07,4.5766356e-07,8.2032875e-10
1.5330785e-11,8.6437325e-08,0.99999917,2.7097982e-09,3.2413688e-08,3.4826272e-07,3.1678124e-07,1.3698287e-10
9.747297e-10,0.9999757,9.203324e-06,4.6815358e-06,2.1532937e-06,3.8555377e-06,3.1549928e-06,1.2517803e-06
4.2805015e-13,8.627951e-10,1.0,1.5708733e-11,1.1709118e-09,9.005394e-09,2.0832127e-08,9.674358e-13
7.788585e-08,0.05927969,0.0033170034,0.9372024,2.102423e-05,0.00012261214,4.2638978e-05,1.4520498e-05
3.9211785e-09,0.9996195,4.1282303e-05,0.0002882339,6.241856e-06,3.0582385e-05,1.1064899e-05,3.0430706e-06
2.9504682e-12,3.745475e-08,0.99999976,2.4243694e-09,1.2145338e-08,1.08362386e-07,1.1995515e-07,4.4631774e-11
3.5627339e-12,1.7680263e-08,0.99999976,5.299116e-10,4.795177e-09,1.5435793e-07,9.440383e-08,4.7298974e-11
4.125398e-06,0.5725826,0.007674968,0.41681743,0.0002074802,0.0020802575,0.00052462943,0.00010843005
1.8425543e-10,0.9999652,4.582487e-06,2.3928085e-05,6.063134e-07,3.0437225e-06,2.3963037e-06,1.6241353e-07
7.445579e-08,0.999042,0.00074779266,1.824831e-05,2.1731084e-05,3.062146e-05,9.979934e-05,3.975358e-05
3.1449838e-12,9.610004e-10,1.0,6.2062e-10,1.8163615e-09,3.6084188e-08,1.065585e-08,1.26560715e-11
1.2809797e-11,1.3919996e-08,0.99999964,1.4090897e-09,1.3188617e-08,1.7562348e-07,9.740832e-08,1.0470583e-10
7.1954075e-12,2.6271199e-08,0.9999994,7.693008e-10,1.6455813e-08,3.154801e-07,2.4031678e-07,1.2815811e-10
9.440742e-12,2.0271749e-09,0.99999976,5.8499444e-10,3.499899e-09,7.590539e-08,7.9454914e-08,3.4919675e-11
5.9005227e-12,1.278167e-09,0.99999976,1.0862316e-10,7.077438e-09,5.8254326e-08,8.218718e-08,1.4334395e-11
3.3433236e-07,0.30066425,0.00058803795,0.6984646,7.3847273e-06,0.00011311279,0.00013038497,3.1868283e-05
3.819057e-07,0.0032679494,0.0006279599,0.995999,7.5007374e-06,5.4868484e-05,3.914421e-05,3.180331e-06
3.720456e-12,4.745172e-10,1.0,1.16483e-10,2.1182303e-09,2.1383986e-08,5.907766e-08,6.087908e-12
9.266778e-13,1.909577e-10,1.0,1.14609315e-10,7.0661194e-10,1.23362485e-08,2.7103704e-08,2.5695748e-12
4.0561096e-12,8.2874707e-10,1.0,1.1472835e-09,2.6976505e-09,4.8944322e-08,5.046996e-08,2.6445022e-11
3.2223354e-12,8.926961e-10,0.9999999,2.9199046e-10,3.6955168e-09,2.4220784e-08,6.020724e-08,1.11804515e-11
4.7196123e-12,8.8509367e-10,0.99999976,1.1065265e-09,6.229851e-09,9.16048e-08,6.427782e-08,4.1128875e-11
7.146455e-13,2.8407195e-08,0.99999976,3.2604341e-10,6.625307e-09,6.1644066e-08,1.0623181e-07,3.117185e-11
1.1690674e-07,0.99906963,0.000102701444,0.00063903106,1.7971857e-05,4.000539e-05,0.00012308292,7.4788713e-06
3.826267e-12,2.459257e-09,0.99999964,5.247858e-10,4.297631e-09,7.3413304e-08,1.8860347e-07,1.6952365e-11
3.771884e-11,2.9489428e-07,0.9999988,1.5811995e-08,4.509473e-08,5.939754e-07,2.4430275e-07,9.743434e-10
9.8873194e-08,0.002027995,7.411418e-05,0.9978806,3.5029248e-06,4.7395656e-06,5.6326635e-06,3.3014564e-06
3.8665644e-07,0.79482013,0.011207829,0.19284938,7.4414216e-05,0.0005809432,0.0004119027,5.5066706e-05
4.6005837e-13,3.1267863e-10,1.0,1.6723589e-10,3.0713193e-10,1.1359266e-08,2.9317944e-08,1.5634892e-12
3.004262e-12,3.9664055e-08,0.9999995,1.145549e-09,1.4502055e-08,3.3153157e-07,1.6192499e-07,1.2751734e-10
2.7568878e-10,0.99993026,1.0843642e-05,4.613673e-05,7.2646907e-07,8.514609e-06,2.8825752e-06,6.5311207e-07
1.434527e-05,0.9638904,0.006895364,0.02612488,0.00029673605,0.0016924555,0.00084315654,0.00024262536
1.237371e-10,0.9999566,8.312718e-06,2.9506271e-05,4.379632e-07,2.890188e-06,2.1497501e-06,1.7575867e-07
3.746326e-09,0.9993425,4.1876516e-05,0.0005781406,4.1019084e-06,1.9746762e-05,1.1227655e-05,2.367767e-06
